metric,metric_value,timestamp,company_name
1,20000,2024-02-25T00:00:00,Pysonix
1,20000,2023-08-26T00:00:00,Pysonix
1,20602,2023-05-07T00:00:00,Pysonix
1,20399,2022-05-21T00:00:00,Pysonix
1,20413,2022-06-04T00:00:00,Pysonix
1,20579,2023-01-08T00:00:00,Pysonix
1,20534,2022-10-26T00:00:00,Pysonix
1,20000,2023-05-24T00:00:00,Pysonix
1,20000,2023-11-22T00:00:00,Pysonix
1,20428,2022-06-18T00:00:00,Pysonix
1,20534,2022-10-16T00:00:00,Pysonix
1,20000,2023-08-09T00:00:00,Pysonix
1,20000,2024-02-12T00:00:00,Pysonix
1,20000,2023-06-07T00:00:00,Pysonix
1,20443,2022-07-02T00:00:00,Pysonix
1,20586,2023-01-22T00:00:00,Pysonix
1,20578,2023-02-19T00:00:00,Pysonix
1,20549,2022-10-07T00:00:00,Pysonix
1,20000,2023-10-03T00:00:00,Pysonix
1,20587,2023-02-05T00:00:00,Pysonix
1,20000,2024-01-15T00:00:00,Pysonix
1,20510,2022-08-27T00:00:00,Pysonix
1,20481,2022-08-13T00:00:00,Pysonix
1,20000,2024-01-01T00:00:00,Pysonix
1,20000,2024-03-11T00:00:00,Pysonix
1,20000,2023-07-26T00:00:00,Pysonix
1,20000,2024-01-29T00:00:00,Pysonix
1,20000,2023-12-17T00:00:00,Pysonix
1,20471,2022-07-30T00:00:00,Pysonix
1,20457,2022-07-16T00:00:00,Pysonix
1,20000,2023-06-23T00:00:00,Pysonix
1,20000,2023-12-06T00:00:00,Pysonix
1,20540,2022-09-19T00:00:00,Pysonix
1,20000,2023-11-08T00:00:00,Pysonix
1,20000,2023-07-12T00:00:00,Pysonix
1,20000,2023-10-25T00:00:00,Pysonix
1,20563,2022-12-21T00:00:00,Pysonix
1,20000,2023-09-16T00:00:00,Pysonix
1,20000,2024-04-07T00:00:00,Pysonix
1,20568,2023-03-19T00:00:00,Pysonix
1,20592,2023-04-17T00:00:00,Pysonix
1,20384,2022-05-07T00:00:00,Pysonix
1,20543,2022-11-23T00:00:00,Pysonix
1,20536,2022-11-09T00:00:00,Pysonix
1,20559,2022-12-07T00:00:00,Pysonix
1,20592,2023-04-08T00:00:00,Pysonix
1,20571,2023-03-05T00:00:00,Pysonix
3,21175,2022-10-07T00:00:00,Pysonix
3,21000,2023-12-17T00:00:00,Pysonix
3,21000,2023-12-06T00:00:00,Pysonix
3,21000,2024-04-07T00:00:00,Pysonix
3,21208,2023-01-22T00:00:00,Pysonix
3,21000,2023-06-23T00:00:00,Pysonix
3,21208,2023-04-08T00:00:00,Pysonix
3,21194,2023-02-19T00:00:00,Pysonix
3,21158,2022-11-09T00:00:00,Pysonix
3,21095,2022-07-30T00:00:00,Pysonix
3,21000,2024-02-12T00:00:00,Pysonix
3,21166,2022-09-19T00:00:00,Pysonix
3,21000,2024-01-29T00:00:00,Pysonix
3,21185,2022-12-21T00:00:00,Pysonix
3,21000,2024-01-01T00:00:00,Pysonix
3,21000,2023-10-03T00:00:00,Pysonix
3,21185,2023-03-19T00:00:00,Pysonix
3,21107,2022-08-13T00:00:00,Pysonix
3,21182,2022-12-07T00:00:00,Pysonix
3,21207,2023-02-05T00:00:00,Pysonix
3,21000,2024-01-15T00:00:00,Pysonix
3,21138,2022-08-27T00:00:00,Pysonix
3,21000,2023-07-26T00:00:00,Pysonix
3,21208,2023-04-17T00:00:00,Pysonix
3,21166,2022-11-23T00:00:00,Pysonix
3,21000,2023-07-12T00:00:00,Pysonix
3,21155,2022-10-26T00:00:00,Pysonix
3,21000,2023-06-07T00:00:00,Pysonix
3,21199,2023-01-08T00:00:00,Pysonix
3,21000,2023-05-24T00:00:00,Pysonix
3,21217,2023-05-07T00:00:00,Pysonix
3,21000,2023-11-22T00:00:00,Pysonix
3,21000,2023-09-16T00:00:00,Pysonix
3,21000,2023-10-25T00:00:00,Pysonix
3,21189,2023-03-05T00:00:00,Pysonix
3,21000,2024-03-11T00:00:00,Pysonix
3,21000,2023-08-09T00:00:00,Pysonix
3,21000,2024-02-25T00:00:00,Pysonix
3,21000,2023-08-26T00:00:00,Pysonix
3,21000,2023-11-08T00:00:00,Pysonix
3,21155,2022-10-16T00:00:00,Pysonix
4,6315,2022-08-27T00:00:00,Pysonix
4,7777,2023-10-03T00:00:00,Pysonix
4,7631,2023-08-31T00:00:00,Pysonix
4,7800,2023-11-01T00:00:00,Pysonix
4,7777,2023-10-04T00:00:00,Pysonix
4,7484,2023-07-23T00:00:00,Pysonix
4,6767,2022-12-07T00:00:00,Pysonix
4,7922,2024-01-02T00:00:00,Pysonix
4,6933,2023-01-29T00:00:00,Pysonix
4,6651,2022-11-09T00:00:00,Pysonix
4,7484,2023-07-22T00:00:00,Pysonix
4,7808,2023-11-14T00:00:00,Pysonix
4,6859,2023-01-04T00:00:00,Pysonix
4,6472,2022-09-19T00:00:00,Pysonix
4,7858,2023-12-05T00:00:00,Pysonix
4,7909,2023-12-24T00:00:00,Pysonix
4,7702,2023-09-18T00:00:00,Pysonix
4,7529,2023-08-06T00:00:00,Pysonix
4,7702,2023-09-17T00:00:00,Pysonix
4,6607,2022-10-16T00:00:00,Pysonix
4,6933,2023-01-27T00:00:00,Pysonix
4,7580,2023-08-17T00:00:00,Pysonix
4,6549,2022-10-07T00:00:00,Pysonix
4,8004,2024-01-13T00:00:00,Pysonix
4,6890,2023-01-17T00:00:00,Pysonix
4,6720,2022-11-23T00:00:00,Pysonix
4,7831,2023-11-25T00:00:00,Pysonix
4,7897,2023-12-15T00:00:00,Pysonix
4,7529,2023-08-05T00:00:00,Pysonix
4,7580,2023-08-18T00:00:00,Pysonix
4,7529,2023-08-04T00:00:00,Pysonix
4,7843,2023-10-23T00:00:00,Pysonix
4,6832,2022-12-23T00:00:00,Pysonix
4,6890,2023-01-16T00:00:00,Pysonix
4,6933,2023-01-28T00:00:00,Pysonix
4,6607,2022-10-26T00:00:00,Pysonix
4,7808,2023-11-15T00:00:00,Pysonix
4,5936,2022-04-27T00:00:00,Pysonix
4,7329,2023-06-01T00:00:00,Pysonix
4,6271,2022-07-30T00:00:00,Pysonix
4,7037,2023-03-01T00:00:00,Pysonix
4,8072,2024-02-09T00:00:00,Pysonix
4,6037,2022-05-20T00:00:00,Pysonix
4,8177,2024-03-23T00:00:00,Pysonix
4,7218,2023-04-19T00:00:00,Pysonix
4,7037,2023-03-03T00:00:00,Pysonix
4,7372,2023-06-18T00:00:00,Pysonix
4,7270,2023-05-05T00:00:00,Pysonix
4,8147,2024-03-15T00:00:00,Pysonix
4,8072,2024-02-10T00:00:00,Pysonix
4,7019,2023-02-21T00:00:00,Pysonix
4,6151,2022-06-15T00:00:00,Pysonix
4,6229,2022-07-15T00:00:00,Pysonix
4,7372,2023-06-17T00:00:00,Pysonix
4,8097,2024-02-18T00:00:00,Pysonix
4,7037,2023-03-02T00:00:00,Pysonix
4,8133,2024-03-07T00:00:00,Pysonix
4,7458,2023-07-12T00:00:00,Pysonix
4,7329,2023-06-02T00:00:00,Pysonix
4,8117,2024-02-28T00:00:00,Pysonix
4,6998,2023-02-13T00:00:00,Pysonix
4,7218,2023-04-17T00:00:00,Pysonix
4,6181,2022-07-01T00:00:00,Pysonix
4,6977,2023-02-05T00:00:00,Pysonix
4,8035,2024-01-30T00:00:00,Pysonix
4,7416,2023-07-01T00:00:00,Pysonix
4,7159,2023-04-01T00:00:00,Pysonix
4,8188,2024-03-31T00:00:00,Pysonix
4,6315,2022-08-13T00:00:00,Pysonix
4,7089,2023-03-11T00:00:00,Pysonix
4,7159,2023-04-02T00:00:00,Pysonix
4,8214,2024-04-16T00:00:00,Pysonix
4,5936,2022-05-06T00:00:00,Pysonix
4,7127,2023-03-24T00:00:00,Pysonix
4,8202,2024-04-08T00:00:00,Pysonix
4,7416,2023-06-30T00:00:00,Pysonix
5,3764,2024-04-07T00:00:00,Pysonix
6,200800,2023-04-17T00:00:00,Pysonix
6,203200,2022-10-26T00:00:00,Pysonix
6,202600,2022-12-07T00:00:00,Pysonix
6,200077,2023-05-21T00:00:00,Pysonix
6,197500,2023-08-23T00:00:00,Pysonix
6,200000,2022-04-27T00:00:00,Pysonix
6,200800,2023-05-07T00:00:00,Pysonix
6,201700,2023-03-19T00:00:00,Pysonix
6,202500,2022-12-21T00:00:00,Pysonix
6,202400,2023-01-08T00:00:00,Pysonix
6,197400,2023-08-26T00:00:00,Pysonix
6,200000,2022-05-06T00:00:00,Pysonix
6,202500,2022-11-23T00:00:00,Pysonix
6,200800,2023-04-08T00:00:00,Pysonix
6,202800,2022-11-09T00:00:00,Pysonix
6,196900,2023-10-25T00:00:00,Pysonix
6,200000,2022-05-20T00:00:00,Pysonix
6,201800,2023-03-05T00:00:00,Pysonix
6,200000,2022-06-15T00:00:00,Pysonix
6,197200,2023-09-16T00:00:00,Pysonix
6,198900,2023-07-12T00:00:00,Pysonix
6,200900,2022-07-30T00:00:00,Pysonix
6,201800,2022-08-27T00:00:00,Pysonix
6,202300,2023-02-05T00:00:00,Pysonix
6,201100,2022-08-13T00:00:00,Pysonix
6,198433,2023-07-26T00:00:00,Pysonix
6,202600,2022-09-19T00:00:00,Pysonix
6,198900,2023-06-23T00:00:00,Pysonix
6,202800,2022-10-07T00:00:00,Pysonix
6,201900,2023-02-19T00:00:00,Pysonix
6,200900,2022-07-15T00:00:00,Pysonix
6,202600,2023-01-22T00:00:00,Pysonix
6,197000,2023-10-03T00:00:00,Pysonix
6,203200,2022-10-16T00:00:00,Pysonix
6,197967,2023-08-09T00:00:00,Pysonix
6,199200,2023-06-07T00:00:00,Pysonix
6,199355,2023-06-04T00:00:00,Pysonix
8,77305,2024-01-20T00:00:00,Pysonix
8,61072,2023-12-03T00:00:00,Pysonix
8,77305,2024-01-23T00:00:00,Pysonix
8,61072,2023-11-18T00:00:00,Pysonix
8,52778,2023-09-18T00:00:00,Pysonix
8,53419,2023-10-27T00:00:00,Pysonix
8,62328,2023-12-19T00:00:00,Pysonix
8,53419,2023-10-10T00:00:00,Pysonix
8,52778,2023-10-08T00:00:00,Pysonix
8,62328,2024-01-02T00:00:00,Pysonix
8,77305,2024-01-21T00:00:00,Pysonix
8,77305,2024-01-22T00:00:00,Pysonix
8,77305,2024-01-19T00:00:00,Pysonix
8,52778,2023-09-19T00:00:00,Pysonix
8,53419,2023-11-02T00:00:00,Pysonix
8,59173,2024-02-11T00:00:00,Pysonix
9,211,2023-07-12T01:49:37,Pysonix
9,212,2023-07-01T02:36:35,Pysonix
9,220,2023-02-21T02:24:50,Pysonix
9,219,2023-04-01T03:38:36,Pysonix
9,213,2023-06-01T02:44:05,Pysonix
9,204,2023-09-18T03:06:59,Pysonix
9,220,2023-03-01T01:51:33,Pysonix
9,211,2023-07-22T03:39:10,Pysonix
9,219,2023-01-29T01:21:42,Pysonix
9,219,2023-03-11T03:13:58,Pysonix
9,219,2023-04-02T02:25:07,Pysonix
9,219,2022-12-07T16:21:09,Pysonix
9,219,2023-02-05T03:41:25,Pysonix
9,211,2023-08-06T02:40:38,Pysonix
9,219,2022-12-23T02:03:13,Pysonix
9,220,2023-03-02T02:55:36,Pysonix
9,218,2023-01-17T04:11:51,Pysonix
9,211,2023-05-05T16:33:36,Pysonix
9,213,2023-06-17T03:01:16,Pysonix
9,218,2023-01-16T04:46:48,Pysonix
9,213,2023-06-18T01:57:34,Pysonix
9,220,2023-01-04T09:23:56,Pysonix
9,217,2023-04-19T07:43:57,Pysonix
9,219,2023-01-27T23:32:41,Pysonix
9,219,2023-01-28T12:47:35,Pysonix
9,205,2023-08-31T17:33:48,Pysonix
9,211,2023-08-05T01:45:35,Pysonix
9,219,2023-02-13T02:49:38,Pysonix
9,217,2023-04-17T07:12:06,Pysonix
9,211,2023-08-04T06:56:14,Pysonix
9,208,2023-08-18T04:04:45,Pysonix
9,213,2023-06-02T03:02:28,Pysonix
9,212,2023-06-30T01:36:49,Pysonix
9,211,2023-07-23T04:35:30,Pysonix
9,204,2023-09-17T04:24:21,Pysonix
9,220,2023-03-03T01:59:45,Pysonix
9,208,2023-08-17T01:55:15,Pysonix
9,219,2023-03-24T06:15:06,Pysonix
9,187,2023-12-05T04:35:34,Pysonix
9,216,2022-08-13T07:22:20,Pysonix
9,183,2024-01-13T03:05:44,Pysonix
9,210,2022-06-15T09:00:02,Pysonix
9,204,2023-10-03T02:28:45,Pysonix
9,178,2024-03-07T05:00:04,Pysonix
9,216,2022-11-09T05:46:00,Pysonix
9,187,2023-11-25T03:09:54,Pysonix
9,201,2022-05-06T13:37:06,Pysonix
9,178,2024-04-08T01:18:59,Pysonix
9,178,2024-02-18T02:10:24,Pysonix
9,214,2022-07-01T00:28:33,Pysonix
9,189,2023-11-14T03:26:18,Pysonix
9,177,2024-03-31T06:45:47,Pysonix
9,216,2022-10-26T09:10:02,Pysonix
9,192,2023-11-01T05:12:35,Pysonix
9,184,2023-12-24T05:24:50,Pysonix
9,216,2022-10-16T07:13:11,Pysonix
9,184,2024-01-02T02:11:37,Pysonix
9,207,2022-05-20T06:50:38,Pysonix
9,204,2023-10-04T03:15:23,Pysonix
9,216,2022-08-27T07:41:09,Pysonix
9,201,2022-04-27T09:40:00,Pysonix
9,178,2024-02-09T07:25:37,Pysonix
9,213,2022-07-15T08:30:34,Pysonix
9,178,2024-03-15T04:45:12,Pysonix
9,219,2022-10-07T20:17:27,Pysonix
9,189,2023-11-15T02:05:47,Pysonix
9,178,2024-02-10T05:03:27,Pysonix
9,178,2024-02-28T05:53:28,Pysonix
9,221,2022-11-23T07:34:52,Pysonix
9,185,2023-12-15T01:21:38,Pysonix
9,218,2022-09-19T06:23:51,Pysonix
9,177,2024-04-16T02:51:07,Pysonix
9,181,2024-01-30T21:35:01,Pysonix
9,178,2024-03-23T08:38:02,Pysonix
9,215,2022-07-30T08:26:06,Pysonix
9,192,2023-10-23T03:03:33,Pysonix
12,28,2023-07-23T04:35:30,Pysonix
12,27,2023-01-28T12:47:35,Pysonix
12,25,2022-09-19T06:23:51,Pysonix
12,23,2024-02-28T05:53:28,Pysonix
12,27,2023-01-27T23:32:41,Pysonix
12,27,2023-03-02T02:55:36,Pysonix
12,28,2023-08-04T06:56:14,Pysonix
12,24,2023-12-15T01:21:38,Pysonix
12,28,2023-08-05T01:45:35,Pysonix
12,24,2022-05-20T06:50:38,Pysonix
12,24,2023-12-24T05:24:50,Pysonix
12,28,2023-06-01T02:44:05,Pysonix
12,24,2023-12-05T04:35:34,Pysonix
12,27,2023-03-01T01:51:33,Pysonix
12,28,2023-06-18T01:57:34,Pysonix
12,28,2023-06-17T03:01:16,Pysonix
12,23,2024-02-09T07:25:37,Pysonix
12,27,2023-02-13T02:49:38,Pysonix
12,23,2024-02-10T05:03:27,Pysonix
12,24,2024-01-30T21:35:01,Pysonix
12,27,2023-02-05T03:41:25,Pysonix
12,27,2023-06-30T01:36:49,Pysonix
12,27,2023-02-21T02:24:50,Pysonix
12,25,2022-07-01T00:28:33,Pysonix
12,28,2023-07-01T02:36:35,Pysonix
12,25,2022-07-30T08:26:06,Pysonix
12,23,2024-02-18T02:10:24,Pysonix
12,24,2024-01-13T03:05:44,Pysonix
12,25,2022-08-13T07:22:20,Pysonix
12,28,2023-06-02T03:02:28,Pysonix
12,28,2023-07-12T01:49:37,Pysonix
12,24,2024-01-02T02:11:37,Pysonix
12,23,2024-03-07T05:00:04,Pysonix
12,28,2023-07-22T03:39:10,Pysonix
12,27,2023-01-29T01:21:42,Pysonix
12,25,2022-08-27T07:41:09,Pysonix
12,25,2022-06-15T09:00:02,Pysonix
12,25,2022-07-15T08:30:34,Pysonix
12,26,2023-05-05T16:33:36,Pysonix
12,23,2024-03-31T06:45:47,Pysonix
12,25,2023-11-14T03:26:18,Pysonix
12,27,2023-01-04T09:23:56,Pysonix
12,27,2023-08-31T17:33:48,Pysonix
12,25,2023-11-01T05:12:35,Pysonix
12,23,2024-04-08T01:18:59,Pysonix
12,25,2023-10-23T03:03:33,Pysonix
12,27,2023-03-11T03:13:58,Pysonix
12,27,2023-09-17T04:24:21,Pysonix
12,28,2023-04-02T02:25:07,Pysonix
12,28,2023-04-01T03:38:36,Pysonix
12,25,2022-12-23T02:03:13,Pysonix
12,25,2022-11-09T05:46:00,Pysonix
12,23,2024-04-16T02:51:07,Pysonix
12,27,2023-09-18T03:06:59,Pysonix
12,27,2023-10-04T03:15:23,Pysonix
12,26,2022-04-27T09:40:00,Pysonix
12,25,2022-11-23T07:34:52,Pysonix
12,27,2023-03-24T06:15:06,Pysonix
12,25,2022-12-07T16:21:09,Pysonix
12,27,2023-10-03T02:28:45,Pysonix
12,23,2022-05-06T13:37:06,Pysonix
12,25,2023-11-15T02:05:47,Pysonix
12,25,2022-10-26T09:10:02,Pysonix
12,27,2023-08-18T04:04:45,Pysonix
12,23,2024-03-23T08:38:02,Pysonix
12,23,2024-03-15T04:45:12,Pysonix
12,27,2023-01-16T04:46:48,Pysonix
12,28,2023-04-17T07:12:06,Pysonix
12,27,2023-08-17T01:55:15,Pysonix
12,24,2023-11-25T03:09:54,Pysonix
12,27,2023-03-03T01:59:45,Pysonix
12,25,2022-10-16T07:13:11,Pysonix
12,27,2023-01-17T04:11:51,Pysonix
12,28,2023-08-06T02:40:38,Pysonix
12,28,2023-04-19T07:43:57,Pysonix
12,26,2022-10-07T20:17:27,Pysonix
13,44,2022-05-20T06:50:38,Pysonix
13,50,2023-03-24T06:15:06,Pysonix
13,50,2023-04-19T07:43:57,Pysonix
13,41,2024-02-10T05:03:27,Pysonix
13,44,2022-07-15T08:30:34,Pysonix
13,50,2023-03-02T02:55:36,Pysonix
13,41,2024-03-07T05:00:04,Pysonix
13,51,2023-04-01T03:38:36,Pysonix
13,49,2023-06-17T03:01:16,Pysonix
13,42,2024-04-16T02:51:07,Pysonix
13,42,2024-04-08T01:18:59,Pysonix
13,44,2022-07-01T00:28:33,Pysonix
13,41,2024-02-18T02:10:24,Pysonix
13,45,2022-06-15T09:00:02,Pysonix
13,50,2023-03-03T01:59:45,Pysonix
13,43,2022-05-06T13:37:06,Pysonix
13,49,2023-06-01T02:44:05,Pysonix
13,50,2023-03-01T01:51:33,Pysonix
13,41,2024-02-28T05:53:28,Pysonix
13,42,2024-03-31T06:45:47,Pysonix
13,49,2023-05-05T16:33:36,Pysonix
13,44,2022-04-27T09:40:00,Pysonix
13,51,2023-04-02T02:25:07,Pysonix
13,51,2023-02-21T02:24:50,Pysonix
13,41,2024-03-23T08:38:02,Pysonix
13,50,2023-03-11T03:13:58,Pysonix
13,50,2023-04-17T07:12:06,Pysonix
13,49,2023-06-02T03:02:28,Pysonix
13,41,2024-03-15T04:45:12,Pysonix
13,42,2024-01-13T03:05:44,Pysonix
13,47,2023-10-04T03:15:23,Pysonix
13,49,2023-08-05T01:45:35,Pysonix
13,45,2023-10-23T03:03:33,Pysonix
13,49,2023-08-18T04:04:45,Pysonix
13,49,2023-07-23T04:35:30,Pysonix
13,43,2023-12-24T05:24:50,Pysonix
13,43,2022-09-19T06:23:51,Pysonix
13,47,2023-01-27T23:32:41,Pysonix
13,45,2023-11-01T05:12:35,Pysonix
13,43,2023-12-15T01:21:38,Pysonix
13,49,2023-08-04T06:56:14,Pysonix
13,48,2023-08-31T17:33:48,Pysonix
13,47,2023-01-28T12:47:35,Pysonix
13,43,2022-10-26T09:10:02,Pysonix
13,44,2023-11-14T03:26:18,Pysonix
13,43,2023-12-05T04:35:34,Pysonix
13,41,2024-02-09T07:25:37,Pysonix
13,43,2022-10-07T20:17:27,Pysonix
13,47,2023-01-17T04:11:51,Pysonix
13,49,2023-08-06T02:40:38,Pysonix
13,44,2023-11-15T02:05:47,Pysonix
13,43,2023-11-25T03:09:54,Pysonix
13,49,2023-08-17T01:55:15,Pysonix
13,43,2022-10-16T07:13:11,Pysonix
13,47,2023-01-04T09:23:56,Pysonix
13,49,2023-07-22T03:39:10,Pysonix
13,45,2022-11-09T05:46:00,Pysonix
13,44,2022-08-27T07:41:09,Pysonix
13,49,2023-06-18T01:57:34,Pysonix
13,47,2023-10-03T02:28:45,Pysonix
13,46,2022-11-23T07:34:52,Pysonix
13,50,2023-02-13T02:49:38,Pysonix
13,42,2024-01-30T21:35:01,Pysonix
13,49,2023-06-30T01:36:49,Pysonix
13,46,2022-12-07T16:21:09,Pysonix
13,46,2022-12-23T02:03:13,Pysonix
13,50,2023-02-05T03:41:25,Pysonix
13,44,2022-07-30T08:26:06,Pysonix
13,48,2023-09-18T03:06:59,Pysonix
13,49,2023-07-01T02:36:35,Pysonix
13,47,2023-01-16T04:46:48,Pysonix
13,44,2022-08-13T07:22:20,Pysonix
13,47,2023-01-29T01:21:42,Pysonix
13,43,2024-01-02T02:11:37,Pysonix
13,49,2023-07-12T01:49:37,Pysonix
13,48,2023-09-17T04:24:21,Pysonix
14,46,2024-04-08T01:18:59,Pysonix
14,60,2023-04-02T02:25:07,Pysonix
14,46,2024-03-23T08:38:02,Pysonix
14,55,2023-08-18T04:04:45,Pysonix
14,49,2023-11-15T02:05:47,Pysonix
14,53,2023-10-04T03:15:23,Pysonix
14,54,2023-08-31T17:33:48,Pysonix
14,49,2023-11-14T03:26:18,Pysonix
14,46,2024-03-31T06:45:47,Pysonix
14,54,2023-09-17T04:24:21,Pysonix
14,60,2023-04-01T03:38:36,Pysonix
14,50,2023-10-23T03:03:33,Pysonix
14,50,2023-11-01T05:12:35,Pysonix
14,54,2023-09-18T03:06:59,Pysonix
14,58,2023-06-18T01:57:34,Pysonix
14,46,2024-03-15T04:45:12,Pysonix
14,46,2024-02-09T07:25:37,Pysonix
14,47,2024-01-30T21:35:01,Pysonix
14,58,2023-06-17T03:01:16,Pysonix
14,58,2023-06-30T01:36:49,Pysonix
14,46,2024-02-10T05:03:27,Pysonix
14,46,2024-02-18T02:10:24,Pysonix
14,57,2023-07-01T02:36:35,Pysonix
14,48,2024-01-13T03:05:44,Pysonix
14,48,2024-01-02T02:11:37,Pysonix
14,58,2023-06-02T03:02:28,Pysonix
14,57,2023-07-12T01:49:37,Pysonix
14,57,2023-07-22T03:39:10,Pysonix
14,55,2023-08-17T01:55:15,Pysonix
14,48,2023-12-24T05:24:50,Pysonix
14,57,2023-07-23T04:35:30,Pysonix
14,46,2024-02-28T05:53:28,Pysonix
14,46,2024-03-07T05:00:04,Pysonix
14,55,2023-08-04T06:56:14,Pysonix
14,48,2023-12-15T01:21:38,Pysonix
14,55,2023-08-05T01:45:35,Pysonix
14,49,2023-12-05T04:35:34,Pysonix
14,59,2023-05-05T16:33:36,Pysonix
14,60,2023-04-19T07:43:57,Pysonix
14,55,2023-08-06T02:40:38,Pysonix
14,49,2023-11-25T03:09:54,Pysonix
14,60,2023-04-17T07:12:06,Pysonix
14,58,2023-06-01T02:44:05,Pysonix
14,53,2023-10-03T02:28:45,Pysonix
14,46,2024-04-16T02:51:07,Pysonix
14,65,2022-12-23T02:03:13,Pysonix
14,67,2022-09-19T06:23:51,Pysonix
14,63,2023-02-21T02:24:50,Pysonix
14,67,2022-11-23T07:34:52,Pysonix
14,63,2022-05-20T06:50:38,Pysonix
14,63,2023-01-28T12:47:35,Pysonix
14,63,2023-03-03T01:59:45,Pysonix
14,67,2022-08-27T07:41:09,Pysonix
14,63,2023-03-01T01:51:33,Pysonix
14,63,2023-01-17T04:11:51,Pysonix
14,64,2022-06-15T09:00:02,Pysonix
14,63,2023-02-05T03:41:25,Pysonix
14,63,2023-01-29T01:21:42,Pysonix
14,63,2023-01-04T09:23:56,Pysonix
14,67,2022-08-13T07:22:20,Pysonix
14,65,2022-12-07T16:21:09,Pysonix
14,64,2022-07-30T08:26:06,Pysonix
14,63,2023-03-02T02:55:36,Pysonix
14,64,2022-07-15T08:30:34,Pysonix
14,64,2022-07-01T00:28:33,Pysonix
14,65,2022-11-09T05:46:00,Pysonix
14,63,2023-01-16T04:46:48,Pysonix
14,67,2022-10-26T09:10:02,Pysonix
14,62,2023-03-11T03:13:58,Pysonix
14,62,2022-05-06T13:37:06,Pysonix
14,62,2023-03-24T06:15:06,Pysonix
14,68,2022-10-07T20:17:27,Pysonix
14,67,2022-10-16T07:13:11,Pysonix
14,63,2023-02-13T02:49:38,Pysonix
14,62,2022-04-27T09:40:00,Pysonix
14,63,2023-01-27T23:32:41,Pysonix
15,3,2023-11-01T05:12:35,Pysonix
15,3,2023-10-03T02:28:45,Pysonix
15,3,2024-01-13T03:05:44,Pysonix
15,3,2023-03-01T01:51:33,Pysonix
15,3,2023-11-14T03:26:18,Pysonix
15,3,2022-12-07T16:21:09,Pysonix
15,3,2023-02-13T02:49:38,Pysonix
15,3,2022-07-30T08:26:06,Pysonix
15,3,2023-03-02T02:55:36,Pysonix
15,3,2022-10-16T07:13:11,Pysonix
15,3,2024-01-30T21:35:01,Pysonix
15,3,2023-09-18T03:06:59,Pysonix
15,3,2023-06-18T01:57:34,Pysonix
15,3,2023-05-05T16:33:36,Pysonix
15,3,2023-11-15T02:05:47,Pysonix
15,3,2022-08-13T07:22:20,Pysonix
15,3,2023-06-02T03:02:28,Pysonix
15,3,2024-01-02T02:11:37,Pysonix
15,3,2023-12-05T04:35:34,Pysonix
15,3,2022-11-09T05:46:00,Pysonix
15,3,2023-10-23T03:03:33,Pysonix
15,3,2023-12-15T01:21:38,Pysonix
15,3,2022-10-07T20:17:27,Pysonix
15,3,2022-10-26T09:10:02,Pysonix
15,3,2023-11-25T03:09:54,Pysonix
15,3,2022-09-19T06:23:51,Pysonix
15,3,2023-06-17T03:01:16,Pysonix
15,3,2022-11-23T07:34:52,Pysonix
15,3,2022-07-15T08:30:34,Pysonix
15,3,2023-06-30T01:36:49,Pysonix
15,3,2023-02-05T03:41:25,Pysonix
15,3,2023-12-24T05:24:50,Pysonix
15,3,2022-08-27T07:41:09,Pysonix
15,3,2023-10-04T03:15:23,Pysonix
15,3,2023-07-01T02:36:35,Pysonix
15,3,2023-03-24T06:15:06,Pysonix
15,3,2023-02-21T02:24:50,Pysonix
15,3,2023-06-01T02:44:05,Pysonix
15,3,2023-01-27T23:32:41,Pysonix
15,3,2022-05-20T06:50:38,Pysonix
15,3,2024-03-23T08:38:02,Pysonix
15,3,2024-04-08T01:18:59,Pysonix
15,3,2023-01-28T12:47:35,Pysonix
15,3,2023-03-03T01:59:45,Pysonix
15,3,2024-03-07T05:00:04,Pysonix
15,3,2023-08-05T01:45:35,Pysonix
15,3,2023-08-06T02:40:38,Pysonix
15,3,2023-01-16T04:46:48,Pysonix
15,3,2023-08-18T04:04:45,Pysonix
15,3,2024-02-09T07:25:37,Pysonix
15,3,2023-03-11T03:13:58,Pysonix
15,3,2024-03-31T06:45:47,Pysonix
15,3,2024-03-15T04:45:12,Pysonix
15,3,2022-05-06T13:37:06,Pysonix
15,3,2023-04-02T02:25:07,Pysonix
15,3,2023-08-17T01:55:15,Pysonix
15,3,2023-07-23T04:35:30,Pysonix
15,3,2023-01-04T09:23:56,Pysonix
15,3,2023-04-17T07:12:06,Pysonix
15,3,2023-04-01T03:38:36,Pysonix
15,3,2024-02-28T05:53:28,Pysonix
15,3,2024-04-16T02:51:07,Pysonix
15,3,2023-04-19T07:43:57,Pysonix
15,3,2023-09-17T04:24:21,Pysonix
15,3,2023-07-12T01:49:37,Pysonix
15,3,2022-12-23T02:03:13,Pysonix
15,3,2022-06-15T09:00:02,Pysonix
15,3,2023-08-31T17:33:48,Pysonix
15,3,2023-01-29T01:21:42,Pysonix
15,3,2022-04-27T09:40:00,Pysonix
15,3,2024-02-10T05:03:27,Pysonix
15,3,2023-08-04T06:56:14,Pysonix
15,3,2024-02-18T02:10:24,Pysonix
15,3,2022-07-01T00:28:33,Pysonix
15,3,2023-07-22T03:39:10,Pysonix
15,3,2023-01-17T04:11:51,Pysonix
16,2,2023-08-06T02:40:38,Pysonix
16,2,2023-01-17T04:11:51,Pysonix
16,2,2022-10-26T09:10:02,Pysonix
16,2,2023-08-05T01:45:35,Pysonix
16,2,2022-11-09T05:46:00,Pysonix
16,2,2023-08-04T06:56:14,Pysonix
16,2,2023-01-27T23:32:41,Pysonix
16,1,2023-11-01T05:12:35,Pysonix
16,2,2023-02-13T02:49:38,Pysonix
16,2,2023-07-12T01:49:37,Pysonix
16,2,2023-02-05T03:41:25,Pysonix
16,2,2022-12-23T02:03:13,Pysonix
16,1,2023-09-18T03:06:59,Pysonix
16,1,2023-09-17T04:24:21,Pysonix
16,2,2023-01-29T01:21:42,Pysonix
16,1,2023-10-03T02:28:45,Pysonix
16,1,2023-08-31T17:33:48,Pysonix
16,2,2022-12-07T16:21:09,Pysonix
16,2,2022-11-23T07:34:52,Pysonix
16,2,2023-01-28T12:47:35,Pysonix
16,2,2023-01-04T09:23:56,Pysonix
16,2,2023-07-01T02:36:35,Pysonix
16,2,2023-07-22T03:39:10,Pysonix
16,1,2023-10-04T03:15:23,Pysonix
16,2,2023-01-16T04:46:48,Pysonix
16,2,2023-06-30T01:36:49,Pysonix
16,2,2023-08-17T01:55:15,Pysonix
16,1,2023-10-23T03:03:33,Pysonix
16,2,2023-07-23T04:35:30,Pysonix
16,2,2023-08-18T04:04:45,Pysonix
16,1,2023-11-14T03:26:18,Pysonix
16,2,2023-03-24T06:15:06,Pysonix
16,2,2022-10-16T07:13:11,Pysonix
16,2,2022-08-13T07:22:20,Pysonix
16,2,2022-07-30T08:26:06,Pysonix
16,2,2023-05-05T16:33:36,Pysonix
16,2,2023-03-02T02:55:36,Pysonix
16,1,2024-01-30T21:35:01,Pysonix
16,1,2024-02-09T07:25:37,Pysonix
16,2,2023-06-18T01:57:34,Pysonix
16,2,2022-07-15T08:30:34,Pysonix
16,1,2024-02-10T05:03:27,Pysonix
16,2,2023-03-03T01:59:45,Pysonix
16,2,2023-04-19T07:43:57,Pysonix
16,1,2024-02-18T02:10:24,Pysonix
16,2,2022-07-01T00:28:33,Pysonix
16,1,2024-02-28T05:53:28,Pysonix
16,2,2023-04-17T07:12:06,Pysonix
16,1,2024-03-07T05:00:04,Pysonix
16,2,2022-06-15T09:00:02,Pysonix
16,2,2022-05-20T06:50:38,Pysonix
16,1,2024-03-15T04:45:12,Pysonix
16,2,2023-04-02T02:25:07,Pysonix
16,1,2022-05-06T13:37:06,Pysonix
16,1,2024-03-23T08:38:02,Pysonix
16,1,2024-03-31T06:45:47,Pysonix
16,2,2023-04-01T03:38:36,Pysonix
16,2,2023-03-11T03:13:58,Pysonix
16,1,2024-04-08T01:18:59,Pysonix
16,2,2022-04-27T09:40:00,Pysonix
16,1,2024-01-13T03:05:44,Pysonix
16,1,2024-01-02T02:11:37,Pysonix
16,2,2023-02-21T02:24:50,Pysonix
16,2,2022-10-07T20:17:27,Pysonix
16,2,2023-03-01T01:51:33,Pysonix
16,1,2023-12-05T04:35:34,Pysonix
16,2,2023-06-17T03:01:16,Pysonix
16,2,2023-06-02T03:02:28,Pysonix
16,2,2022-09-19T06:23:51,Pysonix
16,1,2024-04-16T02:51:07,Pysonix
16,1,2023-12-15T01:21:38,Pysonix
16,1,2023-11-25T03:09:54,Pysonix
16,1,2023-12-24T05:24:50,Pysonix
16,2,2023-06-01T02:44:05,Pysonix
16,1,2023-11-15T02:05:47,Pysonix
16,2,2022-08-27T07:41:09,Pysonix
17,18,2024-03-15T04:45:12,Pysonix
17,19,2023-12-05T04:35:34,Pysonix
17,18,2024-03-23T08:38:02,Pysonix
17,22,2022-05-06T13:37:06,Pysonix
17,23,2023-08-17T01:55:15,Pysonix
17,23,2022-05-20T06:50:38,Pysonix
17,22,2023-01-16T04:46:48,Pysonix
17,19,2023-11-25T03:09:54,Pysonix
17,19,2024-01-02T02:11:37,Pysonix
17,19,2023-11-01T05:12:35,Pysonix
17,23,2023-08-06T02:40:38,Pysonix
17,24,2022-10-26T09:10:02,Pysonix
17,19,2023-11-14T03:26:18,Pysonix
17,18,2024-03-31T06:45:47,Pysonix
17,23,2022-04-27T09:40:00,Pysonix
17,18,2024-04-08T01:18:59,Pysonix
17,22,2023-01-27T23:32:41,Pysonix
17,23,2023-08-05T01:45:35,Pysonix
17,19,2023-11-15T02:05:47,Pysonix
17,18,2024-04-16T02:51:07,Pysonix
17,22,2023-01-17T04:11:51,Pysonix
17,24,2022-10-16T07:13:11,Pysonix
17,18,2024-03-07T05:00:04,Pysonix
17,23,2023-08-18T04:04:45,Pysonix
17,19,2024-01-13T03:05:44,Pysonix
17,23,2022-08-13T07:22:20,Pysonix
17,23,2022-08-27T07:41:09,Pysonix
17,22,2022-12-07T16:21:09,Pysonix
17,19,2023-12-24T05:24:50,Pysonix
17,21,2023-09-18T03:06:59,Pysonix
17,18,2024-01-30T21:35:01,Pysonix
17,24,2022-07-30T08:26:06,Pysonix
17,21,2023-10-04T03:15:23,Pysonix
17,18,2024-02-09T07:25:37,Pysonix
17,24,2022-09-19T06:23:51,Pysonix
17,22,2022-06-15T09:00:02,Pysonix
17,23,2022-07-15T08:30:34,Pysonix
17,22,2022-12-23T02:03:13,Pysonix
17,22,2023-08-31T17:33:48,Pysonix
17,19,2023-12-15T01:21:38,Pysonix
17,23,2022-07-01T00:28:33,Pysonix
17,19,2023-10-23T03:03:33,Pysonix
17,22,2023-01-04T09:23:56,Pysonix
17,18,2024-02-18T02:10:24,Pysonix
17,18,2024-02-28T05:53:28,Pysonix
17,24,2022-10-07T20:17:27,Pysonix
17,24,2022-11-23T07:34:52,Pysonix
17,23,2022-11-09T05:46:00,Pysonix
17,18,2024-02-10T05:03:27,Pysonix
17,21,2023-09-17T04:24:21,Pysonix
17,21,2023-10-03T02:28:45,Pysonix
17,22,2023-02-13T02:49:38,Pysonix
17,22,2023-01-29T01:21:42,Pysonix
17,23,2023-07-22T03:39:10,Pysonix
17,23,2023-07-23T04:35:30,Pysonix
17,22,2023-03-24T06:15:06,Pysonix
17,23,2023-06-02T03:02:28,Pysonix
17,23,2023-04-01T03:38:36,Pysonix
17,23,2023-07-12T01:49:37,Pysonix
17,22,2023-02-21T02:24:50,Pysonix
17,23,2023-04-19T07:43:57,Pysonix
17,23,2023-06-17T03:01:16,Pysonix
17,22,2023-03-02T02:55:36,Pysonix
17,23,2023-05-05T16:33:36,Pysonix
17,22,2023-03-11T03:13:58,Pysonix
17,22,2023-01-28T12:47:35,Pysonix
17,23,2023-06-01T02:44:05,Pysonix
17,23,2023-06-18T01:57:34,Pysonix
17,23,2023-06-30T01:36:49,Pysonix
17,23,2023-04-02T02:25:07,Pysonix
17,22,2023-03-03T01:59:45,Pysonix
17,23,2023-07-01T02:36:35,Pysonix
17,22,2023-03-01T01:51:33,Pysonix
17,22,2023-02-05T03:41:25,Pysonix
17,23,2023-04-17T07:12:06,Pysonix
17,23,2023-08-04T06:56:14,Pysonix
18,19,2023-03-11T03:13:58,Pysonix
18,19,2023-04-19T07:43:57,Pysonix
18,19,2023-01-04T09:23:56,Pysonix
18,20,2022-07-15T08:30:34,Pysonix
18,19,2022-12-07T16:21:09,Pysonix
18,15,2023-11-15T02:05:47,Pysonix
18,14,2024-03-23T08:38:02,Pysonix
18,19,2023-03-03T01:59:45,Pysonix
18,17,2023-06-18T01:57:34,Pysonix
18,16,2023-10-03T02:28:45,Pysonix
18,19,2023-04-17T07:12:06,Pysonix
18,21,2022-10-16T07:13:11,Pysonix
18,14,2024-02-09T07:25:37,Pysonix
18,16,2023-08-31T17:33:48,Pysonix
18,17,2023-06-17T03:01:16,Pysonix
18,20,2022-06-15T09:00:02,Pysonix
18,21,2022-11-23T07:34:52,Pysonix
18,17,2023-07-12T01:49:37,Pysonix
18,20,2022-11-09T05:46:00,Pysonix
18,15,2023-10-23T03:03:33,Pysonix
18,14,2024-03-07T05:00:04,Pysonix
18,20,2022-07-01T00:28:33,Pysonix
18,19,2023-02-05T03:41:25,Pysonix
18,19,2023-02-13T02:49:38,Pysonix
18,15,2023-11-01T05:12:35,Pysonix
18,16,2023-09-18T03:06:59,Pysonix
18,19,2023-01-29T01:21:42,Pysonix
18,21,2022-10-26T09:10:02,Pysonix
18,19,2022-12-23T02:03:13,Pysonix
18,17,2023-06-30T01:36:49,Pysonix
18,14,2024-02-18T02:10:24,Pysonix
18,14,2024-02-10T05:03:27,Pysonix
18,15,2023-11-14T03:26:18,Pysonix
18,17,2023-07-01T02:36:35,Pysonix
18,14,2024-02-28T05:53:28,Pysonix
18,20,2022-05-20T06:50:38,Pysonix
18,16,2023-09-17T04:24:21,Pysonix
18,20,2023-04-02T02:25:07,Pysonix
18,14,2024-03-15T04:45:12,Pysonix
18,17,2023-07-22T03:39:10,Pysonix
18,16,2023-10-04T03:15:23,Pysonix
18,17,2023-07-23T04:35:30,Pysonix
18,20,2022-08-13T07:22:20,Pysonix
18,19,2022-05-06T13:37:06,Pysonix
18,20,2023-04-01T03:38:36,Pysonix
18,21,2022-09-19T06:23:51,Pysonix
18,19,2023-03-02T02:55:36,Pysonix
18,15,2023-12-24T05:24:50,Pysonix
18,17,2023-06-02T03:02:28,Pysonix
18,19,2023-01-27T23:32:41,Pysonix
18,18,2022-04-27T09:40:00,Pysonix
18,15,2024-01-13T03:05:44,Pysonix
18,17,2023-08-05T01:45:35,Pysonix
18,19,2023-01-17T04:11:51,Pysonix
18,19,2023-01-28T12:47:35,Pysonix
18,19,2023-03-01T01:51:33,Pysonix
18,19,2023-03-24T06:15:06,Pysonix
18,15,2023-12-15T01:21:38,Pysonix
18,17,2023-08-06T02:40:38,Pysonix
18,17,2023-08-04T06:56:14,Pysonix
18,14,2024-04-08T01:18:59,Pysonix
18,19,2023-02-21T02:24:50,Pysonix
18,14,2024-01-30T21:35:01,Pysonix
18,20,2022-08-27T07:41:09,Pysonix
18,17,2023-08-17T01:55:15,Pysonix
18,15,2023-11-25T03:09:54,Pysonix
18,14,2024-04-16T02:51:07,Pysonix
18,21,2022-10-07T20:17:27,Pysonix
18,14,2024-03-31T06:45:47,Pysonix
18,17,2023-06-01T02:44:05,Pysonix
18,20,2022-07-30T08:26:06,Pysonix
18,15,2024-01-02T02:11:37,Pysonix
18,19,2023-01-16T04:46:48,Pysonix
18,15,2023-12-05T04:35:34,Pysonix
18,17,2023-08-18T04:04:45,Pysonix
18,17,2023-05-05T16:33:36,Pysonix
19,17,2023-10-23T03:03:33,Pysonix
19,16,2024-01-13T03:05:44,Pysonix
19,16,2023-12-15T01:21:38,Pysonix
19,18,2023-10-04T03:15:23,Pysonix
19,17,2022-08-27T07:41:09,Pysonix
19,17,2023-06-30T01:36:49,Pysonix
19,17,2022-08-13T07:22:20,Pysonix
19,16,2024-01-02T02:11:37,Pysonix
19,19,2023-02-05T03:41:25,Pysonix
19,16,2023-12-24T05:24:50,Pysonix
19,19,2023-03-01T01:51:33,Pysonix
19,17,2022-11-09T05:46:00,Pysonix
19,16,2024-01-30T21:35:01,Pysonix
19,17,2023-06-18T01:57:34,Pysonix
19,17,2023-11-01T05:12:35,Pysonix
19,17,2023-06-17T03:01:16,Pysonix
19,18,2023-04-19T07:43:57,Pysonix
19,16,2022-10-16T07:13:11,Pysonix
19,16,2022-10-07T20:17:27,Pysonix
19,16,2023-11-15T02:05:47,Pysonix
19,16,2023-12-05T04:35:34,Pysonix
19,19,2023-02-21T02:24:50,Pysonix
19,15,2024-02-09T07:25:37,Pysonix
19,17,2023-05-05T16:33:36,Pysonix
19,15,2024-02-18T02:10:24,Pysonix
19,16,2023-11-14T03:26:18,Pysonix
19,15,2024-02-10T05:03:27,Pysonix
19,16,2022-10-26T09:10:02,Pysonix
19,19,2023-03-02T02:55:36,Pysonix
19,16,2023-11-25T03:09:54,Pysonix
19,19,2023-02-13T02:49:38,Pysonix
19,18,2022-09-19T06:23:51,Pysonix
19,17,2022-07-15T08:30:34,Pysonix
19,17,2023-06-02T03:02:28,Pysonix
19,17,2022-07-01T00:28:33,Pysonix
19,17,2022-07-30T08:26:06,Pysonix
19,17,2023-08-04T06:56:14,Pysonix
19,18,2023-04-17T07:12:06,Pysonix
19,17,2023-06-01T02:44:05,Pysonix
19,15,2022-05-06T13:37:06,Pysonix
19,19,2023-03-03T01:59:45,Pysonix
19,20,2023-01-17T04:11:51,Pysonix
19,18,2023-09-18T03:06:59,Pysonix
19,17,2023-08-06T02:40:38,Pysonix
19,20,2023-01-28T12:47:35,Pysonix
19,12,2022-04-27T09:40:00,Pysonix
19,20,2023-01-16T04:46:48,Pysonix
19,15,2024-03-07T05:00:04,Pysonix
19,21,2022-12-23T02:03:13,Pysonix
19,17,2022-11-23T07:34:52,Pysonix
19,15,2024-04-08T01:18:59,Pysonix
19,18,2023-09-17T04:24:21,Pysonix
19,20,2023-01-29T01:21:42,Pysonix
19,15,2024-03-15T04:45:12,Pysonix
19,18,2023-04-02T02:25:07,Pysonix
19,17,2023-07-22T03:39:10,Pysonix
19,17,2023-08-17T01:55:15,Pysonix
19,15,2022-05-20T06:50:38,Pysonix
19,16,2022-06-15T09:00:02,Pysonix
19,17,2023-07-23T04:35:30,Pysonix
19,21,2022-12-07T16:21:09,Pysonix
19,21,2023-01-04T09:23:56,Pysonix
19,19,2023-03-11T03:13:58,Pysonix
19,15,2024-03-23T08:38:02,Pysonix
19,17,2023-07-01T02:36:35,Pysonix
19,15,2024-04-16T02:51:07,Pysonix
19,17,2023-08-18T04:04:45,Pysonix
19,20,2023-01-27T23:32:41,Pysonix
19,15,2024-03-31T06:45:47,Pysonix
19,15,2024-02-28T05:53:28,Pysonix
19,18,2023-10-03T02:28:45,Pysonix
19,17,2023-08-05T01:45:35,Pysonix
19,17,2023-07-12T01:49:37,Pysonix
19,18,2023-04-01T03:38:36,Pysonix
19,19,2023-03-24T06:15:06,Pysonix
19,16,2023-08-31T17:33:48,Pysonix
20,5,2023-02-21T02:24:50,Pysonix
20,5,2022-07-30T08:26:06,Pysonix
20,5,2023-08-18T04:04:45,Pysonix
20,4,2023-11-25T03:09:54,Pysonix
20,4,2024-03-31T06:45:47,Pysonix
20,5,2023-07-22T03:39:10,Pysonix
20,5,2023-04-01T03:38:36,Pysonix
20,4,2022-05-06T13:37:06,Pysonix
20,4,2024-01-30T21:35:01,Pysonix
20,5,2022-09-19T06:23:51,Pysonix
20,5,2023-08-17T01:55:15,Pysonix
20,5,2023-08-04T06:56:14,Pysonix
20,5,2023-06-01T02:44:05,Pysonix
20,4,2024-04-16T02:51:07,Pysonix
20,5,2022-08-27T07:41:09,Pysonix
20,5,2022-08-13T07:22:20,Pysonix
20,5,2023-03-24T06:15:06,Pysonix
20,5,2023-01-27T23:32:41,Pysonix
20,4,2023-12-24T05:24:50,Pysonix
20,4,2024-01-02T02:11:37,Pysonix
20,5,2023-08-05T01:45:35,Pysonix
20,5,2022-10-07T20:17:27,Pysonix
20,5,2023-06-02T03:02:28,Pysonix
20,5,2023-03-01T01:51:33,Pysonix
20,5,2023-01-28T12:47:35,Pysonix
20,4,2023-12-15T01:21:38,Pysonix
20,5,2023-08-06T02:40:38,Pysonix
20,4,2024-04-08T01:18:59,Pysonix
20,5,2023-01-17T04:11:51,Pysonix
20,5,2022-04-27T09:40:00,Pysonix
20,5,2023-07-23T04:35:30,Pysonix
20,5,2023-01-16T04:46:48,Pysonix
20,4,2023-12-05T04:35:34,Pysonix
20,4,2024-01-13T03:05:44,Pysonix
20,5,2023-05-05T16:33:36,Pysonix
20,4,2023-10-04T03:15:23,Pysonix
20,5,2022-10-26T09:10:02,Pysonix
20,5,2023-04-02T02:25:07,Pysonix
20,4,2023-11-01T05:12:35,Pysonix
20,5,2023-01-04T09:23:56,Pysonix
20,5,2022-11-09T05:46:00,Pysonix
20,5,2022-05-20T06:50:38,Pysonix
20,5,2023-03-11T03:13:58,Pysonix
20,4,2023-09-18T03:06:59,Pysonix
20,5,2022-07-01T00:28:33,Pysonix
20,5,2023-04-19T07:43:57,Pysonix
20,4,2024-02-18T02:10:24,Pysonix
20,4,2024-03-07T05:00:04,Pysonix
20,4,2023-10-23T03:03:33,Pysonix
20,5,2023-07-01T02:36:35,Pysonix
20,5,2022-12-07T16:21:09,Pysonix
20,5,2022-06-15T09:00:02,Pysonix
20,5,2023-04-17T07:12:06,Pysonix
20,5,2023-06-30T01:36:49,Pysonix
20,4,2024-02-28T05:53:28,Pysonix
20,4,2023-10-03T02:28:45,Pysonix
20,5,2023-02-05T03:41:25,Pysonix
20,5,2022-11-23T07:34:52,Pysonix
20,4,2024-02-10T05:03:27,Pysonix
20,5,2022-12-23T02:03:13,Pysonix
20,5,2023-03-02T02:55:36,Pysonix
20,5,2022-07-15T08:30:34,Pysonix
20,5,2022-10-16T07:13:11,Pysonix
20,4,2024-03-15T04:45:12,Pysonix
20,5,2023-01-29T01:21:42,Pysonix
20,4,2023-08-31T17:33:48,Pysonix
20,5,2023-07-12T01:49:37,Pysonix
20,4,2023-11-14T03:26:18,Pysonix
20,4,2023-09-17T04:24:21,Pysonix
20,4,2023-11-15T02:05:47,Pysonix
20,4,2024-02-09T07:25:37,Pysonix
20,5,2023-02-13T02:49:38,Pysonix
20,4,2024-03-23T08:38:02,Pysonix
20,5,2023-06-17T03:01:16,Pysonix
20,5,2023-06-18T01:57:34,Pysonix
20,5,2023-03-03T01:59:45,Pysonix
21,9,2024-02-18T02:10:24,Pysonix
21,9,2023-06-01T02:44:05,Pysonix
21,8,2024-04-16T02:51:07,Pysonix
21,9,2024-02-28T05:53:28,Pysonix
21,6,2023-03-24T06:15:06,Pysonix
21,6,2023-04-17T07:12:06,Pysonix
21,6,2022-07-01T00:28:33,Pysonix
21,6,2022-08-13T07:22:20,Pysonix
21,5,2022-06-15T09:00:02,Pysonix
21,6,2022-07-30T08:26:06,Pysonix
21,6,2023-03-03T01:59:45,Pysonix
21,7,2023-04-01T03:38:36,Pysonix
21,9,2024-04-08T01:18:59,Pysonix
21,4,2022-05-06T13:37:06,Pysonix
21,6,2022-07-15T08:30:34,Pysonix
21,8,2023-05-05T16:33:36,Pysonix
21,6,2023-03-11T03:13:58,Pysonix
21,9,2024-02-10T05:03:27,Pysonix
21,6,2023-03-02T02:55:36,Pysonix
21,9,2024-03-07T05:00:04,Pysonix
21,9,2024-01-13T03:05:44,Pysonix
21,6,2023-04-19T07:43:57,Pysonix
21,5,2022-04-27T09:40:00,Pysonix
21,9,2024-03-15T04:45:12,Pysonix
21,9,2024-01-30T21:35:01,Pysonix
21,9,2024-03-23T08:38:02,Pysonix
21,9,2024-03-31T06:45:47,Pysonix
21,5,2022-05-20T06:50:38,Pysonix
21,7,2023-04-02T02:25:07,Pysonix
21,9,2024-02-09T07:25:37,Pysonix
21,9,2023-06-02T03:02:28,Pysonix
21,6,2023-02-05T03:41:25,Pysonix
21,6,2022-12-07T16:21:09,Pysonix
21,9,2023-12-05T04:35:34,Pysonix
21,9,2023-06-17T03:01:16,Pysonix
21,10,2023-11-01T05:12:35,Pysonix
21,6,2022-10-07T20:17:27,Pysonix
21,9,2023-11-25T03:09:54,Pysonix
21,9,2023-08-05T01:45:35,Pysonix
21,9,2023-07-22T03:39:10,Pysonix
21,10,2023-10-03T02:28:45,Pysonix
21,6,2022-10-16T07:13:11,Pysonix
21,9,2023-07-01T02:36:35,Pysonix
21,10,2023-10-04T03:15:23,Pysonix
21,10,2023-11-15T02:05:47,Pysonix
21,9,2023-08-06T02:40:38,Pysonix
21,6,2023-01-28T12:47:35,Pysonix
21,6,2022-11-23T07:34:52,Pysonix
21,10,2023-10-23T03:03:33,Pysonix
21,6,2022-10-26T09:10:02,Pysonix
21,10,2023-11-14T03:26:18,Pysonix
21,9,2023-06-18T01:57:34,Pysonix
21,6,2023-02-13T02:49:38,Pysonix
21,9,2023-07-23T04:35:30,Pysonix
21,9,2023-08-17T01:55:15,Pysonix
21,6,2023-01-17T04:11:51,Pysonix
21,9,2023-06-30T01:36:49,Pysonix
21,9,2023-08-18T04:04:45,Pysonix
21,9,2023-09-18T03:06:59,Pysonix
21,6,2022-11-09T05:46:00,Pysonix
21,6,2023-02-21T02:24:50,Pysonix
21,9,2023-07-12T01:49:37,Pysonix
21,9,2023-09-17T04:24:21,Pysonix
21,6,2023-01-29T01:21:42,Pysonix
21,6,2023-01-16T04:46:48,Pysonix
21,6,2022-09-19T06:23:51,Pysonix
21,6,2023-01-04T09:23:56,Pysonix
21,9,2023-12-24T05:24:50,Pysonix
21,6,2022-12-23T02:03:13,Pysonix
21,6,2023-01-27T23:32:41,Pysonix
21,9,2023-08-31T17:33:48,Pysonix
21,9,2024-01-02T02:11:37,Pysonix
21,9,2023-12-15T01:21:38,Pysonix
21,6,2022-08-27T07:41:09,Pysonix
21,6,2023-03-01T01:51:33,Pysonix
21,9,2023-08-04T06:56:14,Pysonix
22,2,2023-07-12T01:49:37,Pysonix
22,2,2023-04-02T02:25:07,Pysonix
22,2,2023-06-30T01:36:49,Pysonix
22,3,2023-01-16T04:46:48,Pysonix
22,1,2023-10-23T03:03:33,Pysonix
22,3,2022-05-20T06:50:38,Pysonix
22,2,2023-04-17T07:12:06,Pysonix
22,3,2022-11-23T07:34:52,Pysonix
22,3,2022-11-09T05:46:00,Pysonix
22,1,2024-02-18T02:10:24,Pysonix
22,3,2022-06-15T09:00:02,Pysonix
22,2,2023-08-17T01:55:15,Pysonix
22,1,2023-09-17T04:24:21,Pysonix
22,3,2022-05-06T13:37:06,Pysonix
22,1,2023-09-18T03:06:59,Pysonix
22,1,2024-03-31T06:45:47,Pysonix
22,2,2023-02-05T03:41:25,Pysonix
22,1,2024-03-07T05:00:04,Pysonix
22,2,2023-07-22T03:39:10,Pysonix
22,2,2023-03-03T01:59:45,Pysonix
22,2,2023-03-11T03:13:58,Pysonix
22,3,2022-12-23T02:03:13,Pysonix
22,2,2023-07-01T02:36:35,Pysonix
22,1,2024-02-28T05:53:28,Pysonix
22,3,2022-12-07T16:21:09,Pysonix
22,3,2023-01-04T09:23:56,Pysonix
22,1,2023-10-03T02:28:45,Pysonix
22,3,2023-01-29T01:21:42,Pysonix
22,2,2023-08-18T04:04:45,Pysonix
22,1,2023-10-04T03:15:23,Pysonix
22,1,2024-03-15T04:45:12,Pysonix
22,1,2024-01-02T02:11:37,Pysonix
22,1,2024-03-23T08:38:02,Pysonix
22,3,2022-07-15T08:30:34,Pysonix
22,2,2023-06-17T03:01:16,Pysonix
22,3,2022-09-19T06:23:51,Pysonix
22,2,2023-07-23T04:35:30,Pysonix
22,2,2023-03-02T02:55:36,Pysonix
22,3,2022-10-16T07:13:11,Pysonix
22,1,2023-11-25T03:09:54,Pysonix
22,2,2023-05-05T16:33:36,Pysonix
22,3,2022-07-01T00:28:33,Pysonix
22,1,2024-01-30T21:35:01,Pysonix
22,3,2022-10-07T20:17:27,Pysonix
22,1,2023-12-05T04:35:34,Pysonix
22,3,2022-07-30T08:26:06,Pysonix
22,3,2023-01-27T23:32:41,Pysonix
22,3,2022-04-27T09:40:00,Pysonix
22,1,2024-04-16T02:51:07,Pysonix
22,2,2023-03-24T06:15:06,Pysonix
22,2,2023-02-21T02:24:50,Pysonix
22,1,2023-12-15T01:21:38,Pysonix
22,3,2022-08-13T07:22:20,Pysonix
22,1,2024-01-13T03:05:44,Pysonix
22,2,2023-06-02T03:02:28,Pysonix
22,2,2023-03-01T01:51:33,Pysonix
22,2,2023-08-05T01:45:35,Pysonix
22,1,2024-02-10T05:03:27,Pysonix
22,1,2023-12-24T05:24:50,Pysonix
22,2,2023-06-01T02:44:05,Pysonix
22,1,2023-11-01T05:12:35,Pysonix
22,3,2022-08-27T07:41:09,Pysonix
22,1,2023-08-31T17:33:48,Pysonix
22,3,2023-01-17T04:11:51,Pysonix
22,2,2023-02-13T02:49:38,Pysonix
22,2,2023-04-19T07:43:57,Pysonix
22,3,2023-01-28T12:47:35,Pysonix
22,3,2022-10-26T09:10:02,Pysonix
22,2,2023-04-01T03:38:36,Pysonix
22,2,2023-06-18T01:57:34,Pysonix
22,2,2023-08-04T06:56:14,Pysonix
22,2,2023-08-06T02:40:38,Pysonix
22,1,2023-11-15T02:05:47,Pysonix
22,1,2024-02-09T07:25:37,Pysonix
22,1,2024-04-08T01:18:59,Pysonix
22,1,2023-11-14T03:26:18,Pysonix
23,1,2023-08-31T17:33:48,Pysonix
23,2,2023-07-22T03:39:10,Pysonix
23,1,2024-04-16T02:51:07,Pysonix
23,2,2023-01-04T09:23:56,Pysonix
23,1,2022-05-06T13:37:06,Pysonix
23,2,2022-04-27T09:40:00,Pysonix
23,2,2023-08-04T06:56:14,Pysonix
23,1,2024-03-23T08:38:02,Pysonix
23,2,2023-08-18T04:04:45,Pysonix
23,2,2023-03-24T06:15:06,Pysonix
23,2,2023-01-27T23:32:41,Pysonix
23,2,2023-01-28T12:47:35,Pysonix
23,2,2023-08-06T02:40:38,Pysonix
23,2,2023-01-16T04:46:48,Pysonix
23,1,2024-04-08T01:18:59,Pysonix
23,2,2023-07-23T04:35:30,Pysonix
23,1,2024-03-31T06:45:47,Pysonix
23,2,2023-04-01T03:38:36,Pysonix
23,2,2023-08-17T01:55:15,Pysonix
23,2,2023-08-05T01:45:35,Pysonix
23,2,2023-01-17T04:11:51,Pysonix
23,1,2023-10-04T03:15:23,Pysonix
23,2,2023-04-02T02:25:07,Pysonix
23,2,2022-07-15T08:30:34,Pysonix
23,2,2023-03-02T02:55:36,Pysonix
23,1,2024-02-09T07:25:37,Pysonix
23,1,2023-11-14T03:26:18,Pysonix
23,2,2023-06-18T01:57:34,Pysonix
23,1,2023-11-15T02:05:47,Pysonix
23,2,2022-10-16T07:13:11,Pysonix
23,1,2023-11-25T03:09:54,Pysonix
23,1,2024-01-30T21:35:01,Pysonix
23,2,2023-06-17T03:01:16,Pysonix
23,2,2022-10-07T20:17:27,Pysonix
23,2,2023-05-05T16:33:36,Pysonix
23,1,2023-12-05T04:35:34,Pysonix
23,2,2022-07-30T08:26:06,Pysonix
23,2,2022-08-13T07:22:20,Pysonix
23,1,2024-01-13T03:05:44,Pysonix
23,2,2022-09-19T06:23:51,Pysonix
23,1,2023-12-15T01:21:38,Pysonix
23,2,2023-06-02T03:02:28,Pysonix
23,2,2023-03-01T01:51:33,Pysonix
23,2,2022-08-27T07:41:09,Pysonix
23,1,2023-12-24T05:24:50,Pysonix
23,1,2024-01-02T02:11:37,Pysonix
23,1,2024-02-10T05:03:27,Pysonix
23,2,2022-10-26T09:10:02,Pysonix
23,2,2023-02-13T02:49:38,Pysonix
23,2,2023-04-19T07:43:57,Pysonix
23,2,2022-12-23T02:03:13,Pysonix
23,1,2023-09-17T04:24:21,Pysonix
23,2,2022-05-20T06:50:38,Pysonix
23,1,2024-03-15T04:45:12,Pysonix
23,2,2023-01-29T01:21:42,Pysonix
23,1,2023-09-18T03:06:59,Pysonix
23,2,2023-03-11T03:13:58,Pysonix
23,2,2023-02-05T03:41:25,Pysonix
23,2,2022-12-07T16:21:09,Pysonix
23,2,2023-03-03T01:59:45,Pysonix
23,1,2024-03-07T05:00:04,Pysonix
23,2,2023-07-12T01:49:37,Pysonix
23,1,2023-10-03T02:28:45,Pysonix
23,2,2023-07-01T02:36:35,Pysonix
23,2,2023-06-01T02:44:05,Pysonix
23,2,2022-06-15T09:00:02,Pysonix
23,2,2022-11-23T07:34:52,Pysonix
23,1,2024-02-18T02:10:24,Pysonix
23,2,2022-07-01T00:28:33,Pysonix
23,2,2023-04-17T07:12:06,Pysonix
23,1,2023-10-23T03:03:33,Pysonix
23,2,2023-06-30T01:36:49,Pysonix
23,2,2022-11-09T05:46:00,Pysonix
23,1,2023-11-01T05:12:35,Pysonix
23,1,2024-02-28T05:53:28,Pysonix
23,2,2023-02-21T02:24:50,Pysonix
