metric_id,metric_value,timestamp
1,3017,2022-03-11T17:45:01
1,3017,2022-03-11T17:45:01.578629
1,3017,2022-03-25T07:58:05
1,3017,2022-03-25T07:58:05.853384
1,3017,2022-04-26T18:52:38
1,3017,2022-04-26T18:52:38.787774
1,3017,2022-04-27T09:31:51
1,3017,2022-04-27T09:31:51.371908
1,3017,2022-05-06T12:42:47
1,3017,2022-05-06T12:42:47.216484
1,3017,2022-05-21T06:40:55
1,3017,2022-05-21T06:40:55.333516
1,3017,2022-06-15T07:33:31
1,3017,2022-06-15T07:33:31.359121
1,3017,2022-06-29T06:29:56
1,3017,2022-06-29T06:29:56.486796
1,3017,2022-07-13T08:38:33
1,3017,2022-07-13T08:38:33.099071
1,3788,2022-08-26T06:52:48
1,3788,2022-08-26T06:52:48.644517
1,3857,2022-09-17T12:38:24
1,3857,2022-09-17T12:38:24.936952
1,3889,2022-10-01T10:13:45
1,3889,2022-10-01T10:13:45.311471
1,3900,2022-10-14T07:06:10
1,3900,2022-10-14T07:06:10.868855
1,3900,2022-10-24T21:30:58
1,3900,2022-10-24T21:30:58.616767
1,3900,2022-11-07T05:39:53
1,3900,2022-11-07T05:39:53.418246
1,3900,2022-11-21T06:20:56
1,3900,2022-11-21T06:20:56.721452
1,3900,2022-12-05T06:47:08
1,3900,2022-12-05T06:47:08.803065
1,3900,2022-12-19T07:31:03
1,3900,2022-12-19T07:31:03.526250
1,3900,2023-01-06T07:42:22
1,3900,2023-01-06T07:42:22.527334
1,3900,2023-01-20T06:50:24
1,3900,2023-01-20T06:50:24.574975
1,3900,2023-02-03T08:57:01
1,3900,2023-02-03T08:57:01.066600
1,3900,2023-02-17T05:36:41
1,3900,2023-02-17T05:36:41.639021
1,4000,2023-03-03T06:02:02
1,4000,2023-03-03T06:02:02.190944
1,4000,2023-03-17T09:05:45
1,4000,2023-03-17T09:05:45.728297
1,4000,2023-04-07T08:37:06
1,4000,2023-04-07T08:37:06.895880
1,4000,2023-04-17T15:54:43
1,4000,2023-04-17T15:54:43.498188
1,4000,2023-05-02T06:36:38
1,4000,2023-05-02T06:36:38.841976
1,4000,2023-05-23T09:34:41
1,4000,2023-05-23T09:34:41.909982
1,4000,2023-06-06T05:57:47
1,4000,2023-06-06T05:57:47.154668
1,4000,2023-06-22T06:05:05
1,4000,2023-06-22T06:05:05.397155
1,4000,2023-07-07T06:31:23
1,4000,2023-07-07T06:31:23.889330
1,4000,2023-07-21T08:49:06
1,4000,2023-07-21T08:49:06.496641
1,4000,2023-08-04T07:28:09
1,4000,2023-08-04T07:28:09.459666
1,4000,2023-08-18T14:50:26
1,4000,2023-08-18T14:50:26.025094
1,4000,2023-09-21T17:23:12
1,4000,2023-09-21T17:23:12.737580
1,4000,2023-10-06T04:34:05
1,4000,2023-10-20T08:50:20
1,4100,2024-01-03T06:11:30
1,4100,2024-02-09T12:28:07
3,4136,2022-08-26T06:52:48
3,4136,2022-08-26T06:52:48.644517
3,4210,2022-09-17T12:38:24
3,4210,2022-09-17T12:38:24.936952
3,4243,2022-10-01T10:13:45
3,4243,2022-10-01T10:13:45.311471
3,4200,2022-10-14T07:06:10
3,4200,2022-10-14T07:06:10.868855
3,4200,2022-10-24T21:30:58
3,4200,2022-10-24T21:30:58.616767
3,4200,2022-11-07T05:39:53
3,4200,2022-11-07T05:39:53.418246
3,4200,2022-11-21T06:20:56
3,4200,2022-11-21T06:20:56.721452
3,4200,2022-12-05T06:47:08
3,4200,2022-12-05T06:47:08.803065
3,4200,2022-12-19T07:31:03
3,4200,2022-12-19T07:31:03.526250
3,4300,2023-01-06T07:42:22
3,4300,2023-01-06T07:42:22.527334
3,4300,2023-01-20T06:50:24
3,4300,2023-01-20T06:50:24.574975
3,4300,2023-02-03T08:57:01
3,4300,2023-02-03T08:57:01.066600
3,4300,2023-02-17T05:36:41
3,4300,2023-02-17T05:36:41.639021
3,4400,2023-03-03T06:02:02
3,4400,2023-03-03T06:02:02.190944
3,4400,2023-03-17T09:05:45
3,4400,2023-03-17T09:05:45.728297
3,4400,2023-04-07T08:37:06
3,4400,2023-04-07T08:37:06.895880
3,4400,2023-04-17T15:54:43
3,4400,2023-04-17T15:54:43.498188
3,4400,2023-05-02T06:36:38
3,4400,2023-05-02T06:36:38.841976
3,4400,2023-05-23T09:34:41
3,4400,2023-05-23T09:34:41.909982
3,4400,2023-06-06T05:57:47
3,4400,2023-06-06T05:57:47.154668
3,4400,2023-06-22T06:05:05
3,4400,2023-06-22T06:05:05.397155
3,4400,2023-07-07T06:31:23
3,4400,2023-07-07T06:31:23.889330
3,4400,2023-07-21T08:49:06
3,4400,2023-07-21T08:49:06.496641
3,4400,2023-08-04T07:28:09
3,4400,2023-08-04T07:28:09.459666
3,4400,2023-08-18T14:50:26
3,4400,2023-08-18T14:50:26.025094
3,4400,2023-09-21T17:23:12
3,4400,2023-09-21T17:23:12.737580
3,4400,2023-10-06T04:34:05
3,4400,2023-10-06T04:34:05.466011
3,4500,2023-10-20T08:50:20
3,4500,2023-10-20T08:50:20.326594
3,4500,2024-01-03T06:11:30
3,4500,2024-02-09T12:28:07
4,98704,2022-03-11T17:45:01
4,98704,2022-03-11T17:45:01.578629
4,99663,2022-03-25T07:58:05
4,99663,2022-03-25T07:58:05.853384
4,102592,2022-04-26T18:52:38
4,102592,2022-04-26T18:52:38.787774
4,102592,2022-04-27T09:31:51
4,102592,2022-04-27T09:31:51.371908
4,102592,2022-05-06T12:42:47
4,102592,2022-05-06T12:42:47.216484
4,102592,2022-05-21T06:40:55
4,102592,2022-05-21T06:40:55.333516
4,107152,2022-06-15T07:33:31
4,107152,2022-06-15T07:33:31.359121
4,108354,2022-06-29T06:29:56
4,108354,2022-06-29T06:29:56.486796
4,108354,2022-07-13T08:38:33
4,108354,2022-07-13T08:38:33.099071
4,112296,2022-08-26T06:52:48
4,112296,2022-08-26T06:52:48.644517
4,115791,2022-09-17T12:38:24
4,115791,2022-09-17T12:38:24.936952
4,117132,2022-10-01T10:13:45
4,117132,2022-10-01T10:13:45.311471
4,119042,2022-10-14T07:06:10
4,119042,2022-10-14T07:06:10.868855
4,119042,2022-10-24T21:30:58
4,119042,2022-10-24T21:30:58.616767
4,120215,2022-11-07T05:39:53
4,120215,2022-11-07T05:39:53.418246
4,121332,2022-11-21T06:20:56
4,121332,2022-11-21T06:20:56.721452
4,122195,2022-12-05T06:47:08
4,122195,2022-12-05T06:47:08.803065
4,123187,2022-12-19T07:31:03
4,123187,2022-12-19T07:31:03.526250
4,124138,2023-01-06T07:42:22
4,124138,2023-01-06T07:42:22.527334
4,125240,2023-01-20T06:50:24
4,125240,2023-01-20T06:50:24.574975
4,126194,2023-02-03T08:57:01
4,126194,2023-02-03T08:57:01.066600
4,127392,2023-02-17T05:36:41
4,127392,2023-02-17T05:36:41.639021
4,130048,2023-03-03T06:02:02
4,130048,2023-03-03T06:02:02.190944
4,131027,2023-03-17T09:05:45
4,131027,2023-03-17T09:05:45.728297
4,132844,2023-04-07T08:37:06
4,132844,2023-04-07T08:37:06.895880
4,132844,2023-04-17T15:54:43
4,132844,2023-04-17T15:54:43.498188
4,134685,2023-05-02T06:36:38
4,134685,2023-05-02T06:36:38.841976
4,136540,2023-05-23T09:34:41
4,136540,2023-05-23T09:34:41.909982
4,137541,2023-06-06T05:57:47
4,137541,2023-06-06T05:57:47.154668
4,138801,2023-06-22T06:05:05
4,138801,2023-06-22T06:05:05.397155
4,139940,2023-07-07T06:31:23
4,139940,2023-07-07T06:31:23.889330
4,140911,2023-07-21T08:49:06
4,140911,2023-07-21T08:49:06.496641
4,141620,2023-08-04T07:28:09
4,141620,2023-08-04T07:28:09.459666
4,142817,2023-08-18T14:50:26
4,142817,2023-08-18T14:50:26.025094
4,146506,2023-09-21T17:23:12
4,146506,2023-09-21T17:23:12.737580
4,148076,2023-10-06T04:34:05
4,148076,2023-10-06T04:34:05.466011
4,149001,2023-10-20T08:50:20
4,149001,2023-10-20T08:50:20.326594
4,152895,2024-01-03T06:11:30
4,157166,2024-02-09T12:28:07
5,20435,2022-03-11T17:45:01
5,20435,2022-03-11T17:45:01.578629
5,20432,2022-03-25T07:58:05
5,20432,2022-03-25T07:58:05.853384
5,20558,2022-04-26T18:52:38
5,20558,2022-04-26T18:52:38.787774
5,20558,2022-04-27T09:31:51
5,20558,2022-04-27T09:31:51.371908
5,20558,2022-05-06T12:42:47
5,20558,2022-05-06T12:42:47.216484
5,20558,2022-05-21T06:40:55.333516
5,20558,2022-06-15T07:33:31.359121
5,20558,2022-06-29T06:29:56.486796
5,20558,2022-07-13T08:38:33.099071
5,20558,2022-08-26T06:52:48.644517
5,20558,2022-09-17T12:38:24.936952
5,20558,2022-10-01T10:13:45.311471
5,20558,2022-10-14T07:06:10.868855
5,20558,2022-10-24T21:30:58.616767
5,20558,2022-11-07T05:39:53.418246
5,20558,2022-11-21T06:20:56.721452
5,20558,2022-12-05T06:47:08.803065
5,20558,2022-12-19T07:31:03.526250
5,20558,2023-01-06T07:42:22.527334
5,20558,2023-01-20T06:50:24.574975
5,20558,2023-02-03T08:57:01.066600
5,20558,2023-02-17T05:36:41.639021
5,20558,2023-03-03T06:02:02.190944
5,20558,2023-03-17T09:05:45.728297
5,20558,2023-04-07T08:37:06.895880
5,20558,2023-04-17T15:54:43.498188
5,20558,2023-05-02T06:36:38.841976
5,20558,2023-05-23T09:34:41.909982
5,20558,2023-06-06T05:57:47.154668
5,20558,2023-06-22T06:05:05.397155
5,20558,2023-07-07T06:31:23.889330
5,20558,2023-07-21T08:49:06.496641
5,20558,2023-08-04T07:28:09.459666
5,20558,2023-08-18T14:50:26.025094
5,20558,2023-09-21T17:23:12.737580
5,20558,2023-10-06T04:34:05.466011
5,20558,2023-10-20T08:50:20.326594
5,50478,2024-02-09T12:28:07
6,19700,2022-03-11T17:45:01
6,19700,2022-03-11T17:45:01.578629
6,19700,2022-03-25T07:58:05
6,19700,2022-03-25T07:58:05.853384
6,20000,2022-04-26T18:52:38
6,20000,2022-04-26T18:52:38.787774
6,20000,2022-04-27T09:31:51
6,20000,2022-04-27T09:31:51.371908
6,20000,2022-05-06T12:42:47
6,20000,2022-05-06T12:42:47.216484
6,20200,2022-05-21T06:40:55
6,20200,2022-05-21T06:40:55.333516
6,20200,2022-06-15T07:33:31
6,20200,2022-06-15T07:33:31.359121
6,20200,2022-06-29T06:29:56
6,20200,2022-06-29T06:29:56.486796
6,20500,2022-07-13T08:38:33
6,20500,2022-07-13T08:38:33.099071
6,20800,2022-08-26T06:52:48
6,20800,2022-08-26T06:52:48.644517
6,20900,2022-09-17T12:38:24
6,20900,2022-09-17T12:38:24.936952
6,21000,2022-10-01T10:13:45
6,21000,2022-10-01T10:13:45.311471
6,21200,2022-10-14T07:06:10
6,21200,2022-10-14T07:06:10.868855
6,21200,2022-10-24T21:30:58
6,21200,2022-10-24T21:30:58.616767
6,21200,2022-11-07T05:39:53
6,21200,2022-11-07T05:39:53.418246
6,21300,2022-11-21T06:20:56
6,21300,2022-11-21T06:20:56.721452
6,21400,2022-12-05T06:47:08
6,21400,2022-12-05T06:47:08.803065
6,21400,2022-12-19T07:31:03
6,21400,2022-12-19T07:31:03.526250
6,21400,2023-01-06T07:42:22
6,21400,2023-01-06T07:42:22.527334
6,21500,2023-01-20T06:50:24
6,21500,2023-01-20T06:50:24.574975
6,21500,2023-02-03T08:57:01
6,21500,2023-02-03T08:57:01.066600
6,22700,2023-02-17T05:36:41
6,22700,2023-02-17T05:36:41.639021
6,22900,2023-03-03T06:02:02
6,22900,2023-03-03T06:02:02.190944
6,23000,2023-03-17T09:05:45
6,23000,2023-03-17T09:05:45.728297
6,23100,2023-04-07T08:37:06
6,23100,2023-04-07T08:37:06.895880
6,23100,2023-04-17T15:54:43
6,23100,2023-04-17T15:54:43.498188
6,23400,2023-05-02T06:36:38
6,23400,2023-05-02T06:36:38.841976
6,23600,2023-05-23T09:34:41
6,23600,2023-05-23T09:34:41.909982
6,23700,2023-06-06T05:57:47
6,23700,2023-06-06T05:57:47.154668
6,23700,2023-06-22T06:05:05
6,23700,2023-06-22T06:05:05.397155
6,23700,2023-07-07T06:31:23
6,23700,2023-07-07T06:31:23.889330
6,23700,2023-07-21T08:49:06
6,23700,2023-07-21T08:49:06.496641
6,23700,2023-08-04T07:28:09
6,23700,2023-08-04T07:28:09.459666
6,23700,2023-08-18T14:50:26
6,23700,2023-08-18T14:50:26.025094
6,24300,2023-09-21T17:23:12
6,24300,2023-09-21T17:23:12.737580
6,24300,2023-10-06T04:34:05
6,24300,2023-10-06T04:34:05.466011
6,24300,2023-10-20T08:50:20
6,24300,2023-10-20T08:50:20.326594
6,24500,2024-01-03T06:11:30
6,24500,2024-02-09T12:28:07
7,290000000,2022-03-11T17:45:01
7,1005000000,2022-03-11T17:45:01.578629
7,290000000,2022-03-25T07:58:05
7,1005000000,2022-03-25T07:58:05.853384
7,290000000,2022-04-26T18:52:38
7,1005000000,2022-04-26T18:52:38.787774
7,290000000,2022-04-27T09:31:51
7,1005000000,2022-04-27T09:31:51.371908
7,290000000,2022-05-06T12:42:47
7,1005000000,2022-05-06T12:42:47.216484
7,290000000,2022-05-21T06:40:55
7,1005000000,2022-05-21T06:40:55.333516
7,290000000,2022-06-15T07:33:31
7,1005000000,2022-06-15T07:33:31.359121
7,290000000,2022-06-29T06:29:56
7,1005000000,2022-06-29T06:29:56.486796
7,290000000,2022-07-13T08:38:33
7,1005000000,2022-07-13T08:38:33.099071
7,290000000,2022-08-26T06:52:48
7,1005000000,2022-08-26T06:52:48.644517
7,290000000,2022-09-17T12:38:24
7,1005000000,2022-09-17T12:38:24.936952
7,290000000,2022-10-01T10:13:45
7,955000000,2022-10-01T10:13:45.311471
7,290000000,2022-10-14T07:06:10
7,540000000,2022-10-14T07:06:10.868855
7,290000000,2022-10-24T21:30:58
7,540000000,2022-10-24T21:30:58.616767
7,290000000,2022-11-07T05:39:53
7,715000000,2022-11-07T05:39:53.418246
7,290000000,2022-11-21T06:20:56
7,755000000,2022-11-21T06:20:56.721452
7,290000000,2022-12-05T06:47:08
7,755000000,2022-12-05T06:47:08.803065
7,290000000,2022-12-14T06:25:15
7,1000000000,2022-12-14T06:25:15.753147
7,290000000,2022-12-19T07:31:03
7,755000000,2022-12-19T07:31:03.526250
7,290000000,2023-01-06T07:42:22
7,755000000,2023-01-06T07:42:22.527334
7,290000000,2023-01-20T06:50:24
7,755000000,2023-01-20T06:50:24.574975
7,290000000,2023-02-03T08:57:01
7,755000000,2023-02-03T08:57:01.066600
7,290000000,2023-02-17T05:36:41
7,755000000,2023-02-17T05:36:41.639021
7,290000000,2023-03-03T06:02:02
7,1005000000,2023-03-03T06:02:02.190944
7,290000000,2023-03-17T09:05:45
7,1005000000,2023-03-17T09:05:45.728297
7,290000000,2023-04-07T08:37:06
7,1005000000,2023-04-07T08:37:06.895880
7,290000000,2023-04-17T15:54:43
7,1005000000,2023-04-17T15:54:43.498188
7,290000000,2023-05-02T06:36:38
7,1005000000,2023-05-02T06:36:38.841976
7,290000000,2023-05-23T09:34:41
7,1005000000,2023-05-23T09:34:41.909982
7,290000000,2023-06-06T05:57:47
7,1005000000,2023-06-06T05:57:47.154668
7,290000000,2023-06-22T06:05:05
7,1000000000,2023-06-22T06:05:05.397155
7,290000000,2023-07-07T06:31:23
7,1000000000,2023-07-07T06:31:23.889330
7,290000000,2023-07-21T08:49:06
7,1000000000,2023-07-21T08:49:06.496641
7,790000000,2023-08-04T07:28:09
7,1000000000,2023-08-04T07:28:09.459666
7,790000000,2023-08-18T14:50:26
7,1000000000,2023-08-18T14:50:26.025094
7,990000000,2023-09-21T17:23:12
7,1190000000,2023-09-21T17:23:12.737580
7,990000000,2023-10-06T04:34:05
7,1190000000,2023-10-06T04:34:05.466011
7,2290000000,2023-10-20T08:50:20
7,2290000000,2023-10-20T08:50:20.326594
7,2290000000,2024-01-03T06:11:30
7,2290000000,2024-02-09T12:28:07
8,109974,2023-07-01T00:00:00
8,85331,2023-08-01T00:00:00
8,77447,2023-09-01T00:00:00
8,77447,2023-09-18T22:01:23.601662
8,77447,2023-09-19T00:00:00
8,77447,2023-10-08T00:00:00
8,96800,2023-10-10T00:00:00
8,96800,2023-10-26T00:00:00
8,96800,2023-11-02T00:00:00
8,209604,2023-11-18T00:00:00
8,209604,2023-12-02T00:00:00
8,128688,2023-12-18T00:00:00
8,128688,2024-01-03T00:00:00
8,128688,2024-01-04T00:00:00
8,127170,2024-01-19T00:00:00
8,127170,2024-01-20T00:00:00
8,127170,2024-01-21T00:00:00
8,127170,2024-01-22T00:00:00
8,127170,2024-01-23T00:00:00
8,127170,2024-02-03T00:00:00
8,184632,2024-02-26T00:00:00
8,184632,2024-02-27T00:00:00
8,184632,2024-03-01T00:00:00
9,1615,2022-03-11T17:45:01
9,1616,2022-03-11T17:45:01.578629
9,1660,2022-03-25T07:58:05
9,1661,2022-03-25T07:58:05.853384
9,1700,2022-04-26T18:52:38
9,1701,2022-04-26T18:52:38.787774
9,1700,2022-04-27T09:31:51
9,1701,2022-04-27T09:31:51.371908
9,1684,2022-05-06T12:42:47
9,1687,2022-05-06T12:42:47.216484
9,1684,2022-05-21T06:40:55
9,1687,2022-05-21T06:40:55.333516
9,1783,2022-06-15T07:33:31
9,1786,2022-06-15T07:33:31.359121
9,1872,2022-06-29T06:29:56
9,1875,2022-06-29T06:29:56.486796
9,1872,2022-07-13T08:38:33
9,1875,2022-07-13T08:38:33.099071
9,1996,2022-08-26T06:52:48
9,1998,2022-08-26T06:52:48.644517
9,2024,2022-09-17T12:38:24
9,2025,2022-09-17T12:38:24.936952
9,2032,2022-10-01T10:13:45
9,2033,2022-10-01T10:13:45.311471
9,2067,2022-10-14T07:06:10
9,2068,2022-10-14T07:06:10.868855
9,2067,2022-10-24T21:30:58
9,2068,2022-10-24T21:30:58.616767
9,2096,2022-11-07T05:39:53
9,2097,2022-11-07T05:39:53.418246
9,2138,2022-11-21T06:20:56
9,2139,2022-11-21T06:20:56.721452
9,2156,2022-12-05T06:47:08
9,2156,2022-12-05T06:47:08.803065
9,2155,2022-12-07T16:16:44
9,2155,2022-12-07T16:16:44.963275
9,2181,2022-12-23T02:47:19
9,2181,2022-12-23T02:47:19.860090
9,2195,2023-01-04T09:25:05
9,2195,2023-01-04T09:25:05.733521
9,2217,2023-01-16T03:12:51
9,2217,2023-01-16T03:12:51.693460
9,2217,2023-01-17T03:12:36
9,2217,2023-01-17T03:12:36.734246
9,2239,2023-01-27T20:23:11
9,2239,2023-01-27T20:23:11.039981
9,2239,2023-01-28T14:43:54
9,2239,2023-01-28T14:43:54.459424
9,2239,2023-01-29T02:24:13
9,2239,2023-01-29T02:24:13.136625
9,2252,2023-02-05T02:11:30
9,2252,2023-02-05T02:11:30.734006
9,2265,2023-02-13T02:09:12
9,2265,2023-02-13T02:09:12.961885
9,2278,2023-02-21T01:34:15
9,2278,2023-02-21T01:34:15.170499
9,2293,2023-03-01T03:58:49
9,2293,2023-03-01T03:58:49.861412
9,2294,2023-03-02T02:34:39
9,2294,2023-03-02T02:34:39.656920
9,2294,2023-03-03T03:11:35
9,2294,2023-03-03T03:11:35.887049
9,2309,2023-03-12T01:41:02
9,2309,2023-03-12T01:41:02.409370
9,2352,2023-03-25T03:24:34
9,2352,2023-03-25T03:24:34.980310
9,2352,2023-04-04T02:26:59
9,2352,2023-04-04T02:26:59.320932
9,2352,2023-04-05T13:34:41
9,2352,2023-04-05T13:34:41.060390
9,2301,2023-04-20T06:39:34
9,2301,2023-04-20T06:39:34.703089
9,2301,2023-04-21T14:41:50
9,2301,2023-04-21T14:41:50.378200
9,2301,2023-04-22T23:59:20
9,2301,2023-04-22T23:59:20.159897
9,2301,2023-04-23T02:29:44
9,2301,2023-04-23T02:29:44.857960
9,2301,2023-04-25T08:10:28
9,2301,2023-04-25T08:10:28.063781
9,2301,2023-04-26T13:51:13
9,2301,2023-04-26T13:51:13.119703
9,2288,2023-04-27T07:01:37
9,2288,2023-04-27T07:01:37.738745
9,2288,2023-04-29T01:44:29
9,2288,2023-04-29T01:44:29.980678
9,2288,2023-04-30T02:18:55
9,2288,2023-04-30T02:18:55.188165
9,2278,2023-05-03T02:41:51
9,2278,2023-05-03T02:41:51.270093
9,2278,2023-05-05T21:56:58
9,2278,2023-05-05T21:56:58.655127
9,2278,2023-05-06T02:18:29
9,2278,2023-05-06T02:18:29.222634
9,2278,2023-05-07T22:02:45
9,2278,2023-05-07T22:02:45.354689
9,2278,2023-05-08T05:46:46
9,2278,2023-05-08T05:46:46.894576
9,2434,2023-05-11T20:15:53
9,2434,2023-05-11T20:15:53.658094
9,2434,2023-05-16T03:31:27
9,2434,2023-05-16T03:31:27.612506
9,2465,2023-05-20T23:51:27
9,2465,2023-05-20T23:51:27.887323
9,2465,2023-05-21T14:42:21
9,2465,2023-05-21T14:42:21.840615
9,2465,2023-05-22T23:17:55
9,2465,2023-05-22T23:17:55.548656
9,2465,2023-05-23T10:53:24
9,2465,2023-05-23T10:53:24.050538
9,2525,2023-06-05T03:56:56
9,2525,2023-06-05T03:56:56.293574
9,2525,2023-06-06T02:17:59
9,2525,2023-06-06T02:17:59.938854
9,2525,2023-06-07T02:08:34
9,2525,2023-06-07T02:08:34.437175
9,2525,2023-06-08T01:59:00
9,2525,2023-06-08T01:59:00.331735
9,2495,2023-06-22T02:18:19
9,2495,2023-06-22T02:18:19.138868
9,2539,2023-07-02T05:11:25
9,2539,2023-07-02T05:11:25.244487
9,2539,2023-07-03T02:41:31
9,2539,2023-07-03T02:41:31.767857
9,2563,2023-07-14T05:11:33
9,2563,2023-07-14T05:11:33.703325
9,2563,2023-07-15T03:19:36
9,2563,2023-07-15T03:19:36.030384
9,2567,2023-07-25T01:56:30
9,2567,2023-07-25T01:56:30.130319
9,2567,2023-07-26T01:27:39
9,2567,2023-07-26T01:27:39.640554
9,2589,2023-08-07T07:03:34
9,2589,2023-08-07T07:03:34.731365
9,2589,2023-08-08T05:31:02
9,2589,2023-08-08T05:31:02.389708
9,2610,2023-08-20T03:24:36
9,2610,2023-08-20T03:24:36.043214
9,2610,2023-08-21T04:12:18
9,2610,2023-08-21T04:12:18.462511
9,2634,2023-09-08T04:24:23
9,2634,2023-09-08T04:24:23.173770
9,2634,2023-09-09T01:24:56
9,2634,2023-09-09T01:24:56.265045
9,2657,2023-09-22T05:10:00
9,2657,2023-09-22T05:10:00.705179
9,2703,2023-10-14T02:52:12
9,2703,2023-10-14T02:52:12.497325
9,2706,2023-10-25T03:47:10
9,2706,2023-10-25T03:47:10.466428
9,2740,2023-11-03T05:49:56
9,2740,2023-11-03T05:49:56.515494
9,2786,2023-11-17T06:05:09
9,2786,2023-11-17T06:05:09.273595
9,2786,2023-11-18T04:11:48
9,2786,2023-11-18T04:11:48.441289
9,2786,2023-11-19T02:50:08
9,2786,2023-11-19T02:50:08.609855
9,2791,2023-11-28T05:00:27
9,2791,2023-11-28T05:00:27.462988
9,2800,2023-12-08T05:27:09
9,2826,2023-12-17T03:01:35
9,2831,2023-12-27T01:56:22
9,2833,2024-01-03T23:43:17
9,2833,2024-01-04T02:32:28
9,2864,2024-01-16T05:25:43
9,2930,2024-01-30T21:19:52
9,2939,2024-02-09T10:54:39
9,2939,2024-02-10T03:49:31
9,2963,2024-02-18T03:17:29
9,3058,2024-02-29T01:26:32
10,1,2022-03-11T17:45:01
10,1,2022-03-11T17:45:01.578629
10,1,2022-03-25T07:58:05
10,2,2022-03-25T07:58:05.853384
10,1,2022-04-26T18:52:38
10,1,2022-04-26T18:52:38.787774
10,1,2022-04-27T09:31:51
10,1,2022-04-27T09:31:51.371908
10,2,2022-05-06T12:42:47
10,1,2022-05-06T12:42:47.216484
10,2,2022-05-21T06:40:55
10,1,2022-05-21T06:40:55.333516
10,1,2022-06-15T07:33:31
10,1,2022-06-15T07:33:31.359121
10,1,2022-06-29T06:29:56
10,2,2022-06-29T06:29:56.486796
10,1,2022-07-13T08:38:33
10,1,2022-07-13T08:38:33.099071
10,1,2022-08-26T06:52:48
10,2,2022-08-26T06:52:48.644517
10,1,2022-09-17T12:38:24
10,2,2022-09-17T12:38:24.936952
10,1,2022-10-01T10:13:45
10,2,2022-10-01T10:13:45.311471
10,1,2022-10-14T07:06:10
10,2,2022-10-14T07:06:10.868855
10,1,2022-10-24T21:30:58
10,2,2022-10-24T21:30:58.616767
10,1,2022-11-07T05:39:53
10,2,2022-11-07T05:39:53.418246
10,1,2022-11-21T06:20:56
10,2,2022-11-21T06:20:56.721452
10,1,2022-12-05T06:47:08
10,2,2022-12-05T06:47:08.803065
10,1,2022-12-07T16:16:44
10,2,2022-12-19T07:31:03.526250
10,1,2022-12-23T02:47:19
10,1,2023-01-04T09:25:05
10,2,2023-01-06T07:42:22.527334
10,1,2023-01-16T03:12:51
10,1,2023-01-17T03:12:36
10,2,2023-01-20T06:50:24.574975
10,1,2023-01-27T20:23:11
10,1,2023-01-28T14:43:54
10,1,2023-01-29T02:24:13
10,2,2023-02-03T08:57:01.066600
10,1,2023-02-05T02:11:30
10,1,2023-02-13T02:09:12
10,2,2023-02-17T05:36:41.639021
10,1,2023-02-21T01:34:15
10,1,2023-03-01T03:58:49
10,1,2023-03-02T02:34:39
10,1,2023-03-03T03:11:35
10,2,2023-03-03T06:02:02.190944
10,1,2023-03-12T01:41:02
10,2,2023-03-17T09:05:45.728297
10,1,2023-03-25T03:24:34
10,2,2023-04-04T02:26:59
10,2,2023-04-05T13:34:41
10,2,2023-04-07T08:37:06.895880
10,2,2023-04-17T15:54:43.498188
10,2,2023-04-20T06:39:34
10,2,2023-04-21T14:41:50
10,2,2023-04-22T23:59:20
10,2,2023-04-23T02:29:44
10,2,2023-04-25T08:10:28
10,2,2023-04-26T13:51:13
10,2,2023-04-27T07:01:37
10,2,2023-04-29T01:44:29
10,2,2023-04-30T02:18:55
10,2,2023-05-02T06:36:38.841976
10,2,2023-05-03T02:41:51
10,2,2023-05-05T21:56:58
10,2,2023-05-06T02:18:29
10,2,2023-05-07T22:02:45
10,2,2023-05-08T05:46:46
10,2,2023-05-11T20:15:53
10,2,2023-05-16T03:31:27
10,2,2023-05-20T23:51:27
10,2,2023-05-21T14:42:21
10,2,2023-05-22T23:17:55
10,2,2023-05-23T09:34:41.909982
10,2,2023-05-23T10:53:24
10,2,2023-06-05T03:56:56
10,2,2023-06-06T02:17:59
10,2,2023-06-06T05:57:47.154668
10,2,2023-06-07T02:08:34
10,2,2023-06-08T01:59:00
10,2,2023-06-22T02:18:19
10,2,2023-07-02T05:11:25
10,2,2023-07-03T02:41:31
10,2,2023-07-07T06:31:23.889330
10,2,2023-07-14T05:11:33
10,2,2023-07-15T03:19:36
10,4,2023-07-21T08:49:06.496641
10,2,2023-07-25T01:56:30
10,2,2023-07-26T01:27:39
10,4,2023-08-04T19:18:30.728210
10,2,2023-08-07T07:03:34
10,2,2023-08-08T05:31:02
10,4,2023-08-18T14:50:26.025094
10,2,2023-08-20T03:24:36
10,2,2023-08-21T04:12:18
10,2,2023-09-08T04:24:23
10,2,2023-09-09T01:24:56
10,4,2023-09-21T17:23:12.737580
10,2,2023-09-22T05:10:00
10,2,2023-10-06T04:34:05.466011
10,2,2023-10-14T02:52:12
10,4,2023-10-20T08:50:20.326594
10,2,2023-10-25T03:47:10
10,2,2023-11-03T05:49:56
10,2,2023-11-17T06:05:09
10,2,2023-11-18T04:11:48
10,2,2023-11-19T02:50:08
10,2,2023-11-28T05:00:27
10,2,2023-12-08T05:27:09
10,2,2023-12-17T03:01:35
10,2,2023-12-27T01:56:22
10,2,2024-01-03T23:43:17
10,2,2024-01-04T02:32:28
10,2,2024-01-16T05:25:43
10,2,2024-01-30T21:19:52
10,2,2024-02-09T10:54:39
10,2,2024-02-10T03:49:31
10,2,2024-02-18T03:17:29
10,6,2024-02-29T01:26:32
11,19,2022-03-11T17:45:01
11,19,2022-03-11T17:45:01.578629
11,19,2022-03-25T07:58:05
11,20,2022-03-25T07:58:05.853384
11,20,2022-04-26T18:52:38
11,19,2022-04-26T18:52:38.787774
11,20,2022-04-27T09:31:51
11,19,2022-04-27T09:31:51.371908
11,24,2022-05-06T12:42:47
11,24,2022-05-06T12:42:47.216484
11,24,2022-05-21T06:40:55
11,24,2022-05-21T06:40:55.333516
11,26,2022-06-15T07:33:31
11,26,2022-06-15T07:33:31.359121
11,27,2022-06-29T06:29:56
11,27,2022-06-29T06:29:56.486796
11,25,2022-07-13T08:38:33
11,25,2022-07-13T08:38:33.099071
11,28,2022-08-26T06:52:48
11,30,2022-08-26T06:52:48.644517
11,25,2022-09-17T12:38:24
11,26,2022-09-17T12:38:24.936952
11,26,2022-10-01T10:13:45
11,27,2022-10-01T10:13:45.311471
11,26,2022-10-14T07:06:10
11,28,2022-10-14T07:06:10.868855
11,26,2022-10-24T21:30:58
11,28,2022-10-24T21:30:58.616767
11,27,2022-11-07T05:39:53
11,28,2022-11-07T05:39:53.418246
11,27,2022-11-21T06:20:56
11,29,2022-11-21T06:20:56.721452
11,27,2022-12-05T06:47:08
11,29,2022-12-05T06:47:08.803065
11,27,2022-12-07T16:16:44
11,29,2022-12-19T07:31:03.526250
11,28,2022-12-23T02:47:19
11,27,2023-01-04T09:25:05
11,29,2023-01-06T07:42:22.527334
11,28,2023-01-16T03:12:51
11,28,2023-01-17T03:12:36
11,29,2023-01-20T06:50:24.574975
11,28,2023-01-27T20:23:11
11,28,2023-01-28T14:43:54
11,28,2023-01-29T02:24:13
11,29,2023-02-03T08:57:01.066600
11,28,2023-02-05T02:11:30
11,28,2023-02-13T02:09:12
11,29,2023-02-17T05:36:41.639021
11,28,2023-02-21T01:34:15
11,26,2023-03-01T03:58:49
11,26,2023-03-02T02:34:39
11,26,2023-03-03T03:11:35
11,28,2023-03-03T06:02:02.190944
11,27,2023-03-12T01:41:02
11,28,2023-03-17T09:05:45.728297
11,27,2023-03-25T03:24:34
11,27,2023-04-04T02:26:59
11,27,2023-04-05T13:34:41
11,29,2023-04-07T08:37:06.895880
11,29,2023-04-17T15:54:43.498188
11,26,2023-04-20T06:39:34
11,26,2023-04-21T14:41:50
11,26,2023-04-22T23:59:20
11,26,2023-04-23T02:29:44
11,26,2023-04-25T08:10:28
11,26,2023-04-26T13:51:13
11,26,2023-04-27T07:01:37
11,26,2023-04-29T01:44:29
11,26,2023-04-30T02:18:55
11,28,2023-05-02T06:36:38.841976
11,26,2023-05-03T02:41:51
11,26,2023-05-05T21:56:58
11,26,2023-05-06T02:18:29
11,26,2023-05-07T22:02:45
11,26,2023-05-08T05:46:46
11,27,2023-05-11T20:15:53
11,27,2023-05-16T03:31:27
11,28,2023-05-20T23:51:27
11,28,2023-05-21T14:42:21
11,28,2023-05-22T23:17:55
11,30,2023-05-23T09:34:41.909982
11,28,2023-05-23T10:53:24
11,28,2023-06-05T03:56:56
11,28,2023-06-06T02:17:59
11,31,2023-06-06T05:57:47.154668
11,28,2023-06-07T02:08:34
11,28,2023-06-08T01:59:00
11,28,2023-06-22T02:18:19
11,28,2023-07-02T05:11:25
11,28,2023-07-03T02:41:31
11,31,2023-07-07T06:31:23.889330
11,28,2023-07-14T05:11:33
11,28,2023-07-15T03:19:36
11,31,2023-07-21T08:49:06.496641
11,28,2023-07-25T01:56:30
11,28,2023-07-26T01:27:39
11,30,2023-08-04T19:18:30.728210
11,29,2023-08-07T07:03:34
11,29,2023-08-08T05:31:02
11,32,2023-08-18T14:50:26.025094
11,29,2023-08-20T03:24:36
11,29,2023-08-21T04:12:18
11,29,2023-09-08T04:24:23
11,29,2023-09-09T01:24:56
11,36,2023-09-21T17:23:12.737580
11,29,2023-09-22T05:10:00
11,33,2023-10-06T04:34:05.466011
11,30,2023-10-14T02:52:12
11,34,2023-10-20T08:50:20.326594
11,30,2023-10-25T03:47:10
11,30,2023-11-03T05:49:56
11,31,2023-11-17T06:05:09
11,31,2023-11-18T04:11:48
11,31,2023-11-19T02:50:08
11,31,2023-11-28T05:00:27
11,31,2023-12-08T05:27:09
11,31,2023-12-17T03:01:35
11,31,2023-12-27T01:56:22
11,31,2024-01-03T23:43:17
11,31,2024-01-04T02:32:28
11,31,2024-01-16T05:25:43
11,32,2024-01-30T21:19:52
11,32,2024-02-09T10:54:39
11,32,2024-02-10T03:49:31
11,33,2024-02-18T03:17:29
11,34,2024-02-29T01:26:32
12,25,2022-03-11T17:45:01
12,57,2022-03-11T17:45:01.578629
12,24,2022-03-25T07:58:05
12,59,2022-03-25T07:58:05.853384
12,25,2022-04-26T18:52:38
12,58,2022-04-26T18:52:38.787774
12,25,2022-04-27T09:31:51
12,58,2022-04-27T09:31:51.371908
12,35,2022-05-06T12:42:47
12,68,2022-05-06T12:42:47.216484
12,35,2022-05-21T06:40:55
12,68,2022-05-21T06:40:55.333516
12,34,2022-06-15T07:33:31
12,69,2022-06-15T07:33:31.359121
12,33,2022-06-29T06:29:56
12,72,2022-06-29T06:29:56.486796
12,32,2022-07-13T08:38:33
12,70,2022-07-13T08:38:33.099071
12,28,2022-08-26T06:52:48
12,67,2022-08-26T06:52:48.644517
12,28,2022-09-17T12:38:24
12,67,2022-09-17T12:38:24.936952
12,29,2022-10-01T10:13:45
12,68,2022-10-01T10:13:45.311471
12,29,2022-10-14T07:06:10
12,68,2022-10-14T07:06:10.868855
12,29,2022-10-24T21:30:58
12,68,2022-10-24T21:30:58.616767
12,29,2022-11-07T05:39:53
12,72,2022-11-07T05:39:53.418246
12,29,2022-11-21T06:20:56
12,73,2022-11-21T06:20:56.721452
12,28,2022-12-05T06:47:08
12,73,2022-12-05T06:47:08.803065
12,28,2022-12-07T16:16:44
12,74,2022-12-19T07:31:03.526250
12,27,2022-12-23T02:47:19
12,28,2023-01-04T09:25:05
12,74,2023-01-06T07:42:22.527334
12,27,2023-01-16T03:12:51
12,27,2023-01-17T03:12:36
12,75,2023-01-20T06:50:24.574975
12,27,2023-01-27T20:23:11
12,27,2023-01-28T14:43:54
12,27,2023-01-29T02:24:13
12,76,2023-02-03T08:57:01.066600
12,28,2023-02-05T02:11:30
12,28,2023-02-13T02:09:12
12,77,2023-02-17T05:36:41.639021
12,28,2023-02-21T01:34:15
12,27,2023-03-01T03:58:49
12,27,2023-03-02T02:34:39
12,27,2023-03-03T03:11:35
12,78,2023-03-03T06:02:02.190944
12,27,2023-03-12T01:41:02
12,78,2023-03-17T09:05:45.728297
12,26,2023-03-25T03:24:34
12,27,2023-04-04T02:26:59
12,27,2023-04-05T13:34:41
12,80,2023-04-07T08:37:06.895880
12,80,2023-04-17T15:54:43.498188
12,27,2023-04-20T06:39:34
12,27,2023-04-21T14:41:50
12,27,2023-04-22T23:59:20
12,27,2023-04-23T02:29:44
12,27,2023-04-25T08:10:28
12,27,2023-04-26T13:51:13
12,27,2023-04-27T07:01:37
12,27,2023-04-29T01:44:29
12,27,2023-04-30T02:18:55
12,77,2023-05-02T06:36:38.841976
12,29,2023-05-03T02:41:51
12,29,2023-05-05T21:56:58
12,29,2023-05-06T02:18:29
12,29,2023-05-07T22:02:45
12,29,2023-05-08T05:46:46
12,27,2023-05-11T20:15:53
12,27,2023-05-16T03:31:27
12,27,2023-05-20T23:51:27
12,27,2023-05-21T14:42:21
12,27,2023-05-22T23:17:55
12,83,2023-05-23T09:34:41.909982
12,27,2023-05-23T10:53:24
12,27,2023-06-05T03:56:56
12,27,2023-06-06T02:17:59
12,85,2023-06-06T05:57:47.154668
12,27,2023-06-07T02:08:34
12,27,2023-06-08T01:59:00
12,28,2023-06-22T02:18:19
12,28,2023-07-02T05:11:25
12,28,2023-07-03T02:41:31
12,87,2023-07-07T06:31:23.889330
12,28,2023-07-14T05:11:33
12,28,2023-07-15T03:19:36
12,90,2023-07-21T08:49:06.496641
12,28,2023-07-25T01:56:30
12,28,2023-07-26T01:27:39
12,90,2023-08-04T19:18:30.728210
12,28,2023-08-07T07:03:34
12,28,2023-08-08T05:31:02
12,89,2023-08-18T14:50:26.025094
12,28,2023-08-20T03:24:36
12,28,2023-08-21T04:12:18
12,27,2023-09-08T04:24:23
12,27,2023-09-09T01:24:56
12,91,2023-09-21T17:23:12.737580
12,27,2023-09-22T05:10:00
12,91,2023-10-06T04:34:05.466011
12,27,2023-10-14T02:52:12
12,90,2023-10-20T08:50:20.326594
12,27,2023-10-25T03:47:10
12,27,2023-11-03T05:49:56
12,27,2023-11-17T06:05:09
12,27,2023-11-18T04:11:48
12,27,2023-11-19T02:50:08
12,27,2023-11-28T05:00:27
12,27,2023-12-08T05:27:09
12,26,2023-12-17T03:01:35
12,26,2023-12-27T01:56:22
12,26,2024-01-03T23:43:17
12,26,2024-01-04T02:32:28
12,26,2024-01-16T05:25:43
12,25,2024-01-30T21:19:52
12,25,2024-02-09T10:54:39
12,25,2024-02-10T03:49:31
12,25,2024-02-18T03:17:29
12,97,2024-02-29T01:26:32
13,23,2022-03-11T17:45:01
13,44,2022-03-11T17:45:01.578629
13,23,2022-03-25T07:58:05
13,45,2022-03-25T07:58:05.853384
13,24,2022-04-26T18:52:38
13,46,2022-04-26T18:52:38.787774
13,24,2022-04-27T09:31:51
13,46,2022-04-27T09:31:51.371908
13,27,2022-05-06T12:42:47
13,48,2022-05-06T12:42:47.216484
13,27,2022-05-21T06:40:55
13,48,2022-05-21T06:40:55.333516
13,27,2022-06-15T07:33:31
13,50,2022-06-15T07:33:31.359121
13,26,2022-06-29T06:29:56
13,53,2022-06-29T06:29:56.486796
13,29,2022-07-13T08:38:33
13,58,2022-07-13T08:38:33.099071
13,26,2022-08-26T06:52:48
13,61,2022-08-26T06:52:48.644517
13,26,2022-09-17T12:38:24
13,59,2022-09-17T12:38:24.936952
13,26,2022-10-01T10:13:45
13,57,2022-10-01T10:13:45.311471
13,26,2022-10-14T07:06:10
13,59,2022-10-14T07:06:10.868855
13,26,2022-10-24T21:30:58
13,59,2022-10-24T21:30:58.616767
13,27,2022-11-07T05:39:53
13,62,2022-11-07T05:39:53.418246
13,27,2022-11-21T06:20:56
13,64,2022-11-21T06:20:56.721452
13,27,2022-12-05T06:47:08
13,65,2022-12-05T06:47:08.803065
13,27,2022-12-07T16:16:44
13,66,2022-12-19T07:31:03.526250
13,27,2022-12-23T02:47:19
13,27,2023-01-04T09:25:05
13,66,2023-01-06T07:42:22.527334
13,27,2023-01-16T03:12:51
13,27,2023-01-17T03:12:36
13,68,2023-01-20T06:50:24.574975
13,26,2023-01-27T20:23:11
13,26,2023-01-28T14:43:54
13,26,2023-01-29T02:24:13
13,70,2023-02-03T08:57:01.066600
13,27,2023-02-05T02:11:30
13,27,2023-02-13T02:09:12
13,70,2023-02-17T05:36:41.639021
13,27,2023-02-21T01:34:15
13,27,2023-03-01T03:58:49
13,27,2023-03-02T02:34:39
13,27,2023-03-03T03:11:35
13,71,2023-03-03T06:02:02.190944
13,27,2023-03-12T01:41:02
13,72,2023-03-17T09:05:45.728297
13,26,2023-03-25T03:24:34
13,27,2023-04-04T02:26:59
13,27,2023-04-05T13:34:41
13,73,2023-04-07T08:37:06.895880
13,73,2023-04-17T15:54:43.498188
13,27,2023-04-20T06:39:34
13,27,2023-04-21T14:41:50
13,27,2023-04-22T23:59:20
13,27,2023-04-23T02:29:44
13,27,2023-04-25T08:10:28
13,27,2023-04-26T13:51:13
13,27,2023-04-27T07:01:37
13,27,2023-04-29T01:44:29
13,27,2023-04-30T02:18:55
13,71,2023-05-02T06:36:38.841976
13,28,2023-05-03T02:41:51
13,28,2023-05-05T21:56:58
13,28,2023-05-06T02:18:29
13,28,2023-05-07T22:02:45
13,28,2023-05-08T05:46:46
13,26,2023-05-11T20:15:53
13,26,2023-05-16T03:31:27
13,26,2023-05-20T23:51:27
13,26,2023-05-21T14:42:21
13,26,2023-05-22T23:17:55
13,76,2023-05-23T09:34:41.909982
13,26,2023-05-23T10:53:24
13,26,2023-06-05T03:56:56
13,26,2023-06-06T02:17:59
13,78,2023-06-06T05:57:47.154668
13,26,2023-06-07T02:08:34
13,26,2023-06-08T01:59:00
13,26,2023-06-22T02:18:19
13,25,2023-07-02T05:11:25
13,25,2023-07-03T02:41:31
13,78,2023-07-07T06:31:23.889330
13,25,2023-07-14T05:11:33
13,25,2023-07-15T03:19:36
13,79,2023-07-21T08:49:06.496641
13,25,2023-07-25T01:56:30
13,25,2023-07-26T01:27:39
13,79,2023-08-04T19:18:30.728210
13,25,2023-08-07T07:03:34
13,25,2023-08-08T05:31:02
13,79,2023-08-18T14:50:26.025094
13,25,2023-08-20T03:24:36
13,25,2023-08-21T04:12:18
13,25,2023-09-08T04:24:23
13,25,2023-09-09T01:24:56
13,78,2023-09-21T17:23:12.737580
13,24,2023-09-22T05:10:00
13,80,2023-10-06T04:34:05.466011
13,24,2023-10-14T02:52:12
13,81,2023-10-20T08:50:20.326594
13,24,2023-10-25T03:47:10
13,24,2023-11-03T05:49:56
13,23,2023-11-17T06:05:09
13,23,2023-11-18T04:11:48
13,23,2023-11-19T02:50:08
13,23,2023-11-28T05:00:27
13,23,2023-12-08T05:27:09
13,23,2023-12-17T03:01:35
13,23,2023-12-27T01:56:22
13,23,2024-01-03T23:43:17
13,23,2024-01-04T02:32:28
13,23,2024-01-16T05:25:43
13,22,2024-01-30T21:19:52
13,22,2024-02-09T10:54:39
13,22,2024-02-10T03:49:31
13,22,2024-02-18T03:17:29
13,83,2024-02-29T01:26:32
14,444,2022-03-11T17:45:01
14,944,2022-03-11T17:45:01.578629
14,432,2022-03-25T07:58:05
14,970,2022-03-25T07:58:05.853384
14,454,2022-04-26T18:52:38
14,986,2022-04-26T18:52:38.787774
14,454,2022-04-27T09:31:51
14,986,2022-04-27T09:31:51.371908
14,523,2022-05-06T12:42:47
14,991,2022-05-06T12:42:47.216484
14,523,2022-05-21T06:40:55
14,991,2022-05-21T06:40:55.333516
14,538,2022-06-15T07:33:31
14,1048,2022-06-15T07:33:31.359121
14,513,2022-06-29T06:29:56
14,1100,2022-06-29T06:29:56.486796
14,523,2022-07-13T08:38:33
14,1103,2022-07-13T08:38:33.099071
14,494,2022-08-26T06:52:48
14,1164,2022-08-26T06:52:48.644517
14,509,2022-09-17T12:38:24
14,1190,2022-09-17T12:38:24.936952
14,533,2022-10-01T10:13:45
14,1187,2022-10-01T10:13:45.311471
14,524,2022-10-14T07:06:10
14,1206,2022-10-14T07:06:10.868855
14,524,2022-10-24T21:30:58
14,1206,2022-10-24T21:30:58.616767
14,526,2022-11-07T05:39:53
14,1225,2022-11-07T05:39:53.418246
14,516,2022-11-21T06:20:56
14,1249,2022-11-21T06:20:56.721452
14,515,2022-12-05T06:47:08
14,1261,2022-12-05T06:47:08.803065
14,515,2022-12-07T16:16:44
14,1276,2022-12-19T07:31:03.526250
14,509,2022-12-23T02:47:19
14,518,2023-01-04T09:25:05
14,1289,2023-01-06T07:42:22.527334
14,513,2023-01-16T03:12:51
14,513,2023-01-17T03:12:36
14,1300,2023-01-20T06:50:24.574975
14,508,2023-01-27T20:23:11
14,508,2023-01-28T14:43:54
14,508,2023-01-29T02:24:13
14,1312,2023-02-03T08:57:01.066600
14,515,2023-02-05T02:11:30
14,512,2023-02-13T02:09:12
14,1329,2023-02-17T05:36:41.639021
14,509,2023-02-21T01:34:15
14,516,2023-03-01T03:58:49
14,516,2023-03-02T02:34:39
14,516,2023-03-03T03:11:35
14,1344,2023-03-03T06:02:02.190944
14,512,2023-03-12T01:41:02
14,1353,2023-03-17T09:05:45.728297
14,503,2023-03-25T03:24:34
14,510,2023-04-04T02:26:59
14,510,2023-04-05T13:34:41
14,1373,2023-04-07T08:37:06.895880
14,1373,2023-04-17T15:54:43.498188
14,521,2023-04-20T06:39:34
14,521,2023-04-21T14:41:50
14,521,2023-04-22T23:59:20
14,521,2023-04-23T02:29:44
14,521,2023-04-25T08:10:28
14,521,2023-04-26T13:51:13
14,524,2023-04-27T07:01:37
14,524,2023-04-29T01:44:29
14,524,2023-04-30T02:18:55
14,1338,2023-05-02T06:36:38.841976
14,551,2023-05-03T02:41:51
14,551,2023-05-05T21:56:58
14,551,2023-05-06T02:18:29
14,551,2023-05-07T22:02:45
14,551,2023-05-08T05:46:46
14,516,2023-05-11T20:15:53
14,516,2023-05-16T03:31:27
14,509,2023-05-20T23:51:27
14,509,2023-05-21T14:42:21
14,509,2023-05-22T23:17:55
14,1439,2023-05-23T09:34:41.909982
14,509,2023-05-23T10:53:24
14,507,2023-06-05T03:56:56
14,507,2023-06-06T02:17:59
14,1474,2023-06-06T05:57:47.154668
14,507,2023-06-07T02:08:34
14,507,2023-06-08T01:59:00
14,513,2023-06-22T02:18:19
14,504,2023-07-02T05:11:25
14,504,2023-07-03T02:41:31
14,1480,2023-07-07T06:31:23.889330
14,499,2023-07-14T05:11:33
14,499,2023-07-15T03:19:36
14,1497,2023-07-21T08:49:06.496641
14,498,2023-07-25T01:56:30
14,498,2023-07-26T01:27:39
14,1496,2023-08-04T19:18:30.728210
14,493,2023-08-07T07:03:34
14,493,2023-08-08T05:31:02
14,1511,2023-08-18T14:50:26.025094
14,489,2023-08-20T03:24:36
14,489,2023-08-21T04:12:18
14,486,2023-09-08T04:24:23
14,486,2023-09-09T01:24:56
14,1559,2023-09-21T17:23:12.737580
14,482,2023-09-22T05:10:00
14,1583,2023-10-06T04:34:05.466011
14,477,2023-10-14T02:52:12
14,1599,2023-10-20T08:50:20.326594
14,476,2023-10-25T03:47:10
14,471,2023-11-03T05:49:56
14,463,2023-11-17T06:05:09
14,463,2023-11-18T04:11:48
14,463,2023-11-19T02:50:08
14,462,2023-11-28T05:00:27
14,461,2023-12-08T05:27:09
14,457,2023-12-17T03:01:35
14,456,2023-12-27T01:56:22
14,456,2024-01-03T23:43:17
14,456,2024-01-04T02:32:28
14,451,2024-01-16T05:25:43
14,441,2024-01-30T21:19:52
14,439,2024-02-09T10:54:39
14,439,2024-02-10T03:49:31
14,436,2024-02-18T03:17:29
14,1645,2024-02-29T01:26:32
15,7,2022-03-11T17:45:01
15,16,2022-03-11T17:45:01.578629
15,7,2022-03-25T07:58:05
15,17,2022-03-25T07:58:05.853384
15,7,2022-04-26T18:52:38
15,16,2022-04-26T18:52:38.787774
15,7,2022-04-27T09:31:51
15,16,2022-04-27T09:31:51.371908
15,8,2022-05-06T12:42:47
15,16,2022-05-06T12:42:47.216484
15,8,2022-05-21T06:40:55
15,16,2022-05-21T06:40:55.333516
15,8,2022-06-15T07:33:31
15,16,2022-06-15T07:33:31.359121
15,8,2022-06-29T06:29:56
15,17,2022-06-29T06:29:56.486796
15,8,2022-07-13T08:38:33
15,16,2022-07-13T08:38:33.099071
15,7,2022-08-26T06:52:48
15,16,2022-08-26T06:52:48.644517
15,6,2022-09-17T12:38:24
15,16,2022-09-17T12:38:24.936952
15,6,2022-10-01T10:13:45
15,15,2022-10-01T10:13:45.311471
15,6,2022-10-14T07:06:10
15,15,2022-10-14T07:06:10.868855
15,6,2022-10-24T21:30:58
15,15,2022-10-24T21:30:58.616767
15,6,2022-11-07T05:39:53
15,16,2022-11-07T05:39:53.418246
15,6,2022-11-21T06:20:56
15,16,2022-11-21T06:20:56.721452
15,6,2022-12-05T06:47:08
15,16,2022-12-05T06:47:08.803065
15,6,2022-12-07T16:16:44
15,16,2022-12-19T07:31:03.526250
15,6,2022-12-23T02:47:19
15,6,2023-01-04T09:25:05
15,16,2023-01-06T07:42:22.527334
15,6,2023-01-16T03:12:51
15,6,2023-01-17T03:12:36
15,16,2023-01-20T06:50:24.574975
15,6,2023-01-27T20:23:11
15,6,2023-01-28T14:43:54
15,6,2023-01-29T02:24:13
15,16,2023-02-03T08:57:01.066600
15,6,2023-02-05T02:11:30
15,6,2023-02-13T02:09:12
15,16,2023-02-17T05:36:41.639021
15,6,2023-02-21T01:34:15
15,6,2023-03-01T03:58:49
15,6,2023-03-02T02:34:39
15,6,2023-03-03T03:11:35
15,18,2023-03-03T06:02:02.190944
15,6,2023-03-12T01:41:02
15,18,2023-03-17T09:05:45.728297
15,6,2023-03-25T03:24:34
15,6,2023-04-04T02:26:59
15,6,2023-04-05T13:34:41
15,19,2023-04-07T08:37:06.895880
15,19,2023-04-17T15:54:43.498188
15,6,2023-04-20T06:39:34
15,6,2023-04-21T14:41:50
15,6,2023-04-22T23:59:20
15,6,2023-04-23T02:29:44
15,6,2023-04-25T08:10:28
15,6,2023-04-26T13:51:13
15,7,2023-04-27T07:01:37
15,7,2023-04-29T01:44:29
15,7,2023-04-30T02:18:55
15,18,2023-05-02T06:36:38.841976
15,7,2023-05-03T02:41:51
15,7,2023-05-05T21:56:58
15,7,2023-05-06T02:18:29
15,7,2023-05-07T22:02:45
15,7,2023-05-08T05:46:46
15,6,2023-05-11T20:15:53
15,6,2023-05-16T03:31:27
15,6,2023-05-20T23:51:27
15,6,2023-05-21T14:42:21
15,6,2023-05-22T23:17:55
15,19,2023-05-23T09:34:41.909982
15,6,2023-05-23T10:53:24
15,6,2023-06-05T03:56:56
15,6,2023-06-06T02:17:59
15,20,2023-06-06T05:57:47.154668
15,6,2023-06-07T02:08:34
15,6,2023-06-08T01:59:00
15,6,2023-06-22T02:18:19
15,6,2023-07-02T05:11:25
15,6,2023-07-03T02:41:31
15,20,2023-07-07T06:31:23.889330
15,6,2023-07-14T05:11:33
15,6,2023-07-15T03:19:36
15,20,2023-07-21T08:49:06.496641
15,6,2023-07-25T01:56:30
15,6,2023-07-26T01:27:39
15,20,2023-08-04T19:18:30.728210
15,6,2023-08-07T07:03:34
15,6,2023-08-08T05:31:02
15,21,2023-08-18T14:50:26.025094
15,6,2023-08-20T03:24:36
15,6,2023-08-21T04:12:18
15,6,2023-09-08T04:24:23
15,6,2023-09-09T01:24:56
15,20,2023-09-21T17:23:12.737580
15,6,2023-09-22T05:10:00
15,19,2023-10-06T04:34:05.466011
15,6,2023-10-14T02:52:12
15,19,2023-10-20T08:50:20.326594
15,6,2023-10-25T03:47:10
15,6,2023-11-03T05:49:56
15,6,2023-11-17T06:05:09
15,6,2023-11-18T04:11:48
15,6,2023-11-19T02:50:08
15,6,2023-11-28T05:00:27
15,6,2023-12-08T05:27:09
15,5,2023-12-17T03:01:35
15,5,2023-12-27T01:56:22
15,5,2024-01-03T23:43:17
15,5,2024-01-04T02:32:28
15,5,2024-01-16T05:25:43
15,5,2024-01-30T21:19:52
15,5,2024-02-09T10:54:39
15,5,2024-02-10T03:49:31
15,5,2024-02-18T03:17:29
15,20,2024-02-29T01:26:32
16,5,2022-03-11T17:45:01
16,12,2022-03-11T17:45:01.578629
16,5,2022-03-25T07:58:05
16,12,2022-03-25T07:58:05.853384
16,6,2022-04-26T18:52:38
16,12,2022-04-26T18:52:38.787774
16,6,2022-04-27T09:31:51
16,12,2022-04-27T09:31:51.371908
16,7,2022-05-06T12:42:47
16,13,2022-05-06T12:42:47.216484
16,7,2022-05-21T06:40:55
16,13,2022-05-21T06:40:55.333516
16,7,2022-06-15T07:33:31
16,14,2022-06-15T07:33:31.359121
16,6,2022-06-29T06:29:56
16,15,2022-06-29T06:29:56.486796
16,6,2022-07-13T08:38:33
16,15,2022-07-13T08:38:33.099071
16,6,2022-08-26T06:52:48
16,16,2022-08-26T06:52:48.644517
16,6,2022-09-17T12:38:24
16,16,2022-09-17T12:38:24.936952
16,6,2022-10-01T10:13:45
16,15,2022-10-01T10:13:45.311471
16,6,2022-10-14T07:06:10
16,15,2022-10-14T07:06:10.868855
16,6,2022-10-24T21:30:58
16,15,2022-10-24T21:30:58.616767
16,6,2022-11-07T05:39:53
16,16,2022-11-07T05:39:53.418246
16,6,2022-11-21T06:20:56
16,16,2022-11-21T06:20:56.721452
16,6,2022-12-05T06:47:08
16,16,2022-12-05T06:47:08.803065
16,6,2022-12-07T16:16:44
16,16,2022-12-19T07:31:03.526250
16,6,2022-12-23T02:47:19
16,6,2023-01-04T09:25:05
16,16,2023-01-06T07:42:22.527334
16,6,2023-01-16T03:12:51
16,6,2023-01-17T03:12:36
16,16,2023-01-20T06:50:24.574975
16,6,2023-01-27T20:23:11
16,6,2023-01-28T14:43:54
16,6,2023-01-29T02:24:13
16,16,2023-02-03T08:57:01.066600
16,6,2023-02-05T02:11:30
16,6,2023-02-13T02:09:12
16,16,2023-02-17T05:36:41.639021
16,6,2023-02-21T01:34:15
16,6,2023-03-01T03:58:49
16,6,2023-03-02T02:34:39
16,6,2023-03-03T03:11:35
16,17,2023-03-03T06:02:02.190944
16,6,2023-03-12T01:41:02
16,17,2023-03-17T09:05:45.728297
16,6,2023-03-25T03:24:34
16,6,2023-04-04T02:26:59
16,6,2023-04-05T13:34:41
16,17,2023-04-07T08:37:06.895880
16,17,2023-04-17T15:54:43.498188
16,6,2023-04-20T06:39:34
16,6,2023-04-21T14:41:50
16,6,2023-04-22T23:59:20
16,6,2023-04-23T02:29:44
16,6,2023-04-25T08:10:28
16,6,2023-04-26T13:51:13
16,6,2023-04-27T07:01:37
16,6,2023-04-29T01:44:29
16,6,2023-04-30T02:18:55
16,16,2023-05-02T06:36:38.841976
16,6,2023-05-03T02:41:51
16,6,2023-05-05T21:56:58
16,6,2023-05-06T02:18:29
16,6,2023-05-07T22:02:45
16,6,2023-05-08T05:46:46
16,6,2023-05-11T20:15:53
16,6,2023-05-16T03:31:27
16,6,2023-05-20T23:51:27
16,6,2023-05-21T14:42:21
16,6,2023-05-22T23:17:55
16,18,2023-05-23T09:34:41.909982
16,6,2023-05-23T10:53:24
16,6,2023-06-05T03:56:56
16,6,2023-06-06T02:17:59
16,18,2023-06-06T05:57:47.154668
16,6,2023-06-07T02:08:34
16,6,2023-06-08T01:59:00
16,6,2023-06-22T02:18:19
16,6,2023-07-02T05:11:25
16,6,2023-07-03T02:41:31
16,18,2023-07-07T06:31:23.889330
16,6,2023-07-14T05:11:33
16,6,2023-07-15T03:19:36
16,18,2023-07-21T08:49:06.496641
16,6,2023-07-25T01:56:30
16,6,2023-07-26T01:27:39
16,18,2023-08-04T19:18:30.728210
16,5,2023-08-07T07:03:34
16,5,2023-08-08T05:31:02
16,18,2023-08-18T14:50:26.025094
16,5,2023-08-20T03:24:36
16,5,2023-08-21T04:12:18
16,5,2023-09-08T04:24:23
16,5,2023-09-09T01:24:56
16,20,2023-09-21T17:23:12.737580
16,5,2023-09-22T05:10:00
16,17,2023-10-06T04:34:05.466011
16,5,2023-10-14T02:52:12
16,19,2023-10-20T08:50:20.326594
16,5,2023-10-25T03:47:10
16,5,2023-11-03T05:49:56
16,5,2023-11-17T06:05:09
16,5,2023-11-18T04:11:48
16,5,2023-11-19T02:50:08
16,5,2023-11-28T05:00:27
16,5,2023-12-08T05:27:09
16,5,2023-12-17T03:01:35
16,5,2023-12-27T01:56:22
16,5,2024-01-03T23:43:17
16,5,2024-01-04T02:32:28
16,5,2024-01-16T05:25:43
16,5,2024-01-30T21:19:52
16,5,2024-02-09T10:54:39
16,5,2024-02-10T03:49:31
16,5,2024-02-18T03:17:29
16,18,2024-02-29T01:26:32
17,8,2022-03-11T17:45:01
17,19,2022-03-11T17:45:01.578629
17,8,2022-03-25T07:58:05
17,20,2022-03-25T07:58:05.853384
17,10,2022-04-26T18:52:38
17,25,2022-04-26T18:52:38.787774
17,10,2022-04-27T09:31:51
17,25,2022-04-27T09:31:51.371908
17,11,2022-05-06T12:42:47
17,24,2022-05-06T12:42:47.216484
17,11,2022-05-21T06:40:55
17,24,2022-05-21T06:40:55.333516
17,10,2022-06-15T07:33:31
17,24,2022-06-15T07:33:31.359121
17,10,2022-06-29T06:29:56
17,26,2022-06-29T06:29:56.486796
17,11,2022-07-13T08:38:33
17,24,2022-07-13T08:38:33.099071
17,11,2022-08-26T06:52:48
17,26,2022-08-26T06:52:48.644517
17,10,2022-09-17T12:38:24
17,25,2022-09-17T12:38:24.936952
17,10,2022-10-01T10:13:45
17,26,2022-10-01T10:13:45.311471
17,10,2022-10-14T07:06:10
17,26,2022-10-14T07:06:10.868855
17,10,2022-10-24T21:30:58
17,26,2022-10-24T21:30:58.616767
17,12,2022-11-07T05:39:53
17,30,2022-11-07T05:39:53.418246
17,11,2022-11-21T06:20:56
17,30,2022-11-21T06:20:56.721452
17,11,2022-12-05T06:47:08
17,30,2022-12-05T06:47:08.803065
17,11,2022-12-07T16:16:44
17,31,2022-12-19T07:31:03.526250
17,11,2022-12-23T02:47:19
17,11,2023-01-04T09:25:05
17,31,2023-01-06T07:42:22.527334
17,11,2023-01-16T03:12:51
17,11,2023-01-17T03:12:36
17,31,2023-01-20T06:50:24.574975
17,11,2023-01-27T20:23:11
17,11,2023-01-28T14:43:54
17,11,2023-01-29T02:24:13
17,31,2023-02-03T08:57:01.066600
17,11,2023-02-05T02:11:30
17,11,2023-02-13T02:09:12
17,31,2023-02-17T05:36:41.639021
17,11,2023-02-21T01:34:15
17,12,2023-03-01T03:58:49
17,12,2023-03-02T02:34:39
17,12,2023-03-03T03:11:35
17,33,2023-03-03T06:02:02.190944
17,11,2023-03-12T01:41:02
17,33,2023-03-17T09:05:45.728297
17,11,2023-03-25T03:24:34
17,13,2023-04-04T02:26:59
17,13,2023-04-05T13:34:41
17,36,2023-04-07T08:37:06.895880
17,36,2023-04-17T15:54:43.498188
17,13,2023-04-20T06:39:34
17,13,2023-04-21T14:41:50
17,13,2023-04-22T23:59:20
17,13,2023-04-23T02:29:44
17,13,2023-04-25T08:10:28
17,13,2023-04-26T13:51:13
17,13,2023-04-27T07:01:37
17,13,2023-04-29T01:44:29
17,13,2023-04-30T02:18:55
17,35,2023-05-02T06:36:38.841976
17,13,2023-05-03T02:41:51
17,13,2023-05-05T21:56:58
17,13,2023-05-06T02:18:29
17,13,2023-05-07T22:02:45
17,13,2023-05-08T05:46:46
17,12,2023-05-11T20:15:53
17,12,2023-05-16T03:31:27
17,12,2023-05-20T23:51:27
17,12,2023-05-21T14:42:21
17,12,2023-05-22T23:17:55
17,37,2023-05-23T09:34:41.909982
17,12,2023-05-23T10:53:24
17,12,2023-06-05T03:56:56
17,12,2023-06-06T02:17:59
17,38,2023-06-06T05:57:47.154668
17,12,2023-06-07T02:08:34
17,12,2023-06-08T01:59:00
17,12,2023-06-22T02:18:19
17,13,2023-07-02T05:11:25
17,13,2023-07-03T02:41:31
17,38,2023-07-07T06:31:23.889330
17,13,2023-07-14T05:11:33
17,13,2023-07-15T03:19:36
17,36,2023-07-21T08:49:06.496641
17,13,2023-07-25T01:56:30
17,13,2023-07-26T01:27:39
17,36,2023-08-04T19:18:30.728210
17,12,2023-08-07T07:03:34
17,12,2023-08-08T05:31:02
17,38,2023-08-18T14:50:26.025094
17,12,2023-08-20T03:24:36
17,12,2023-08-21T04:12:18
17,12,2023-09-08T04:24:23
17,12,2023-09-09T01:24:56
17,43,2023-09-21T17:23:12.737580
17,12,2023-09-22T05:10:00
17,43,2023-10-06T04:34:05.466011
17,11,2023-10-14T02:52:12
17,43,2023-10-20T08:50:20.326594
17,11,2023-10-25T03:47:10
17,11,2023-11-03T05:49:56
17,11,2023-11-17T06:05:09
17,11,2023-11-18T04:11:48
17,11,2023-11-19T02:50:08
17,11,2023-11-28T05:00:27
17,11,2023-12-08T05:27:09
17,11,2023-12-17T03:01:35
17,11,2023-12-27T01:56:22
17,11,2024-01-03T23:43:17
17,11,2024-01-04T02:32:28
17,11,2024-01-16T05:25:43
17,11,2024-01-30T21:19:52
17,11,2024-02-09T10:54:39
17,11,2024-02-10T03:49:31
17,10,2024-02-18T03:17:29
17,39,2024-02-29T01:26:32
18,137,2022-03-11T17:45:01
18,300,2022-03-11T17:45:01.578629
18,133,2022-03-25T07:58:05
18,309,2022-03-25T07:58:05.853384
18,145,2022-04-26T18:52:38
18,325,2022-04-26T18:52:38.787774
18,145,2022-04-27T09:31:51
18,325,2022-04-27T09:31:51.371908
18,161,2022-05-06T12:42:47
18,314,2022-05-06T12:42:47.216484
18,161,2022-05-21T06:40:55
18,314,2022-05-21T06:40:55.333516
18,171,2022-06-15T07:33:31
18,340,2022-06-15T07:33:31.359121
18,163,2022-06-29T06:29:56
18,357,2022-06-29T06:29:56.486796
18,164,2022-07-13T08:38:33
18,353,2022-07-13T08:38:33.099071
18,156,2022-08-26T06:52:48
18,374,2022-08-26T06:52:48.644517
18,158,2022-09-17T12:38:24
18,374,2022-09-17T12:38:24.936952
18,166,2022-10-01T10:13:45
18,380,2022-10-01T10:13:45.311471
18,164,2022-10-14T07:06:10
18,382,2022-10-14T07:06:10.868855
18,164,2022-10-24T21:30:58
18,382,2022-10-24T21:30:58.616767
18,163,2022-11-07T05:39:53
18,383,2022-11-07T05:39:53.418246
18,160,2022-11-21T06:20:56
18,391,2022-11-21T06:20:56.721452
18,159,2022-12-05T06:47:08
18,394,2022-12-05T06:47:08.803065
18,159,2022-12-07T16:16:44
18,399,2022-12-19T07:31:03.526250
18,157,2022-12-23T02:47:19
18,158,2023-01-04T09:25:05
18,402,2023-01-06T07:42:22.527334
18,157,2023-01-16T03:12:51
18,157,2023-01-17T03:12:36
18,405,2023-01-20T06:50:24.574975
18,155,2023-01-27T20:23:11
18,155,2023-01-28T14:43:54
18,155,2023-01-29T02:24:13
18,406,2023-02-03T08:57:01.066600
18,156,2023-02-05T02:11:30
18,155,2023-02-13T02:09:12
18,410,2023-02-17T05:36:41.639021
18,154,2023-02-21T01:34:15
18,155,2023-03-01T03:58:49
18,155,2023-03-02T02:34:39
18,155,2023-03-03T03:11:35
18,411,2023-03-03T06:02:02.190944
18,154,2023-03-12T01:41:02
18,414,2023-03-17T09:05:45.728297
18,151,2023-03-25T03:24:34
18,157,2023-04-04T02:26:59
18,157,2023-04-05T13:34:41
18,424,2023-04-07T08:37:06.895880
18,424,2023-04-17T15:54:43.498188
18,160,2023-04-20T06:39:34
18,160,2023-04-21T14:41:50
18,160,2023-04-22T23:59:20
18,160,2023-04-23T02:29:44
18,160,2023-04-25T08:10:28
18,160,2023-04-26T13:51:13
18,161,2023-04-27T07:01:37
18,161,2023-04-29T01:44:29
18,161,2023-04-30T02:18:55
18,410,2023-05-02T06:36:38.841976
18,164,2023-05-03T02:41:51
18,164,2023-05-05T21:56:58
18,164,2023-05-06T02:18:29
18,164,2023-05-07T22:02:45
18,164,2023-05-08T05:46:46
18,153,2023-05-11T20:15:53
18,153,2023-05-16T03:31:27
18,151,2023-05-20T23:51:27
18,151,2023-05-21T14:42:21
18,151,2023-05-22T23:17:55
18,446,2023-05-23T09:34:41.909982
18,151,2023-05-23T10:53:24
18,151,2023-06-05T03:56:56
18,151,2023-06-06T02:17:59
18,457,2023-06-06T05:57:47.154668
18,151,2023-06-07T02:08:34
18,151,2023-06-08T01:59:00
18,153,2023-06-22T02:18:19
18,150,2023-07-02T05:11:25
18,150,2023-07-03T02:41:31
18,462,2023-07-07T06:31:23.889330
18,148,2023-07-14T05:11:33
18,148,2023-07-15T03:19:36
18,464,2023-07-21T08:49:06.496641
18,148,2023-07-25T01:56:30
18,148,2023-07-26T01:27:39
18,469,2023-08-04T19:18:30.728210
18,149,2023-08-07T07:03:34
18,149,2023-08-08T05:31:02
18,467,2023-08-18T14:50:26.025094
18,147,2023-08-20T03:24:36
18,147,2023-08-21T04:12:18
18,147,2023-09-08T04:24:23
18,147,2023-09-09T01:24:56
18,478,2023-09-21T17:23:12.737580
18,145,2023-09-22T05:10:00
18,483,2023-10-06T04:34:05.466011
18,144,2023-10-14T02:52:12
18,490,2023-10-20T08:50:20.326594
18,143,2023-10-25T03:47:10
18,142,2023-11-03T05:49:56
18,139,2023-11-17T06:05:09
18,139,2023-11-18T04:11:48
18,139,2023-11-19T02:50:08
18,139,2023-11-28T05:00:27
18,139,2023-12-08T05:27:09
18,137,2023-12-17T03:01:35
18,137,2023-12-27T01:56:22
18,137,2024-01-03T23:43:17
18,137,2024-01-04T02:32:28
18,136,2024-01-16T05:25:43
18,133,2024-01-30T21:19:52
18,132,2024-02-09T10:54:39
18,132,2024-02-10T03:49:31
18,131,2024-02-18T03:17:29
18,495,2024-02-29T01:26:32
19,70,2022-03-11T17:45:01
19,59,2022-03-11T17:45:01.578629
19,68,2022-03-25T07:58:05
19,61,2022-03-25T07:58:05.853384
19,77,2022-04-26T18:52:38
19,61,2022-04-26T18:52:38.787774
19,77,2022-04-27T09:31:51
19,61,2022-04-27T09:31:51.371908
19,89,2022-05-06T12:42:47
19,58,2022-05-06T12:42:47.216484
19,89,2022-05-21T06:40:55
19,58,2022-05-21T06:40:55.333516
19,94,2022-06-15T07:33:31
19,61,2022-06-15T07:33:31.359121
19,90,2022-06-29T06:29:56
19,65,2022-06-29T06:29:56.486796
19,93,2022-07-13T08:38:33
19,68,2022-07-13T08:38:33.099071
19,90,2022-08-26T06:52:48
19,78,2022-08-26T06:52:48.644517
19,94,2022-09-17T12:38:24
19,78,2022-09-17T12:38:24.936952
19,103,2022-10-01T10:13:45
19,78,2022-10-01T10:13:45.311471
19,102,2022-10-14T07:06:10
19,81,2022-10-14T07:06:10.868855
19,102,2022-10-24T21:30:58
19,81,2022-10-24T21:30:58.616767
19,100,2022-11-07T05:39:53
19,78,2022-11-07T05:39:53.418246
19,98,2022-11-21T06:20:56
19,79,2022-11-21T06:20:56.721452
19,99,2022-12-05T06:47:08
19,80,2022-12-05T06:47:08.803065
19,99,2022-12-07T16:16:44
19,81,2022-12-19T07:31:03.526250
19,97,2022-12-23T02:47:19
19,98,2023-01-04T09:25:05
19,79,2023-01-06T07:42:22.527334
19,97,2023-01-16T03:12:51
19,97,2023-01-17T03:12:36
19,81,2023-01-20T06:50:24.574975
19,96,2023-01-27T20:23:11
19,96,2023-01-28T14:43:54
19,96,2023-01-29T02:24:13
19,81,2023-02-03T08:57:01.066600
19,101,2023-02-05T02:11:30
19,100,2023-02-13T02:09:12
19,82,2023-02-17T05:36:41.639021
19,100,2023-02-21T01:34:15
19,103,2023-03-01T03:58:49
19,103,2023-03-02T02:34:39
19,103,2023-03-03T03:11:35
19,85,2023-03-03T06:02:02.190944
19,103,2023-03-12T01:41:02
19,85,2023-03-17T09:05:45.728297
19,101,2023-03-25T03:24:34
19,102,2023-04-04T02:26:59
19,102,2023-04-05T13:34:41
19,86,2023-04-07T08:37:06.895880
19,86,2023-04-17T15:54:43.498188
19,105,2023-04-20T06:39:34
19,105,2023-04-21T14:41:50
19,105,2023-04-22T23:59:20
19,105,2023-04-23T02:29:44
19,105,2023-04-25T08:10:28
19,105,2023-04-26T13:51:13
19,105,2023-04-27T07:01:37
19,105,2023-04-29T01:44:29
19,105,2023-04-30T02:18:55
19,84,2023-05-02T06:36:38.841976
19,113,2023-05-03T02:41:51
19,113,2023-05-05T21:56:58
19,113,2023-05-06T02:18:29
19,113,2023-05-07T22:02:45
19,113,2023-05-08T05:46:46
19,106,2023-05-11T20:15:53
19,106,2023-05-16T03:31:27
19,105,2023-05-20T23:51:27
19,105,2023-05-21T14:42:21
19,105,2023-05-22T23:17:55
19,92,2023-05-23T09:34:41.909982
19,105,2023-05-23T10:53:24
19,109,2023-06-05T03:56:56
19,109,2023-06-06T02:17:59
19,94,2023-06-06T05:57:47.154668
19,109,2023-06-07T02:08:34
19,109,2023-06-08T01:59:00
19,110,2023-06-22T02:18:19
19,108,2023-07-02T05:11:25
19,108,2023-07-03T02:41:31
19,95,2023-07-07T06:31:23.889330
19,107,2023-07-14T05:11:33
19,107,2023-07-15T03:19:36
19,92,2023-07-21T08:49:06.496641
19,107,2023-07-25T01:56:30
19,107,2023-07-26T01:27:39
19,93,2023-08-04T19:18:30.728210
19,107,2023-08-07T07:03:34
19,107,2023-08-08T05:31:02
19,93,2023-08-18T14:50:26.025094
19,106,2023-08-20T03:24:36
19,106,2023-08-21T04:12:18
19,106,2023-09-08T04:24:23
19,106,2023-09-09T01:24:56
19,98,2023-09-21T17:23:12.737580
19,105,2023-09-22T05:10:00
19,96,2023-10-06T04:34:05.466011
19,105,2023-10-14T02:52:12
19,98,2023-10-20T08:50:20.326594
19,105,2023-10-25T03:47:10
19,103,2023-11-03T05:49:56
19,102,2023-11-17T06:05:09
19,102,2023-11-18T04:11:48
19,102,2023-11-19T02:50:08
19,101,2023-11-28T05:00:27
19,101,2023-12-08T05:27:09
19,100,2023-12-17T03:01:35
19,99,2023-12-27T01:56:22
19,100,2024-01-03T23:43:17
19,100,2024-01-04T02:32:28
19,99,2024-01-16T05:25:43
19,97,2024-01-30T21:19:52
19,96,2024-02-09T10:54:39
19,96,2024-02-10T03:49:31
19,96,2024-02-18T03:17:29
19,363,2024-02-29T01:26:32
20,40,2022-03-11T17:45:01
20,88,2022-03-11T17:45:01.578629
20,39,2022-03-25T07:58:05
20,91,2022-03-25T07:58:05.853384
20,42,2022-04-26T18:52:38
20,93,2022-04-26T18:52:38.787774
20,42,2022-04-27T09:31:51
20,93,2022-04-27T09:31:51.371908
20,44,2022-05-06T12:42:47
20,87,2022-05-06T12:42:47.216484
20,44,2022-05-21T06:40:55
20,87,2022-05-21T06:40:55.333516
20,45,2022-06-15T07:33:31
20,92,2022-06-15T07:33:31.359121
20,43,2022-06-29T06:29:56
20,96,2022-06-29T06:29:56.486796
20,44,2022-07-13T08:38:33
20,95,2022-07-13T08:38:33.099071
20,42,2022-08-26T06:52:48
20,100,2022-08-26T06:52:48.644517
20,43,2022-09-17T12:38:24
20,101,2022-09-17T12:38:24.936952
20,46,2022-10-01T10:13:45
20,104,2022-10-01T10:13:45.311471
20,46,2022-10-14T07:06:10
20,108,2022-10-14T07:06:10.868855
20,46,2022-10-24T21:30:58
20,108,2022-10-24T21:30:58.616767
20,45,2022-11-07T05:39:53
20,109,2022-11-07T05:39:53.418246
20,45,2022-11-21T06:20:56
20,111,2022-11-21T06:20:56.721452
20,44,2022-12-05T06:47:08
20,110,2022-12-05T06:47:08.803065
20,44,2022-12-07T16:16:44
20,111,2022-12-19T07:31:03.526250
20,44,2022-12-23T02:47:19
20,44,2023-01-04T09:25:05
20,111,2023-01-06T07:42:22.527334
20,44,2023-01-16T03:12:51
20,44,2023-01-17T03:12:36
20,112,2023-01-20T06:50:24.574975
20,43,2023-01-27T20:23:11
20,43,2023-01-28T14:43:54
20,43,2023-01-29T02:24:13
20,119,2023-02-03T08:57:01.066600
20,46,2023-02-05T02:11:30
20,46,2023-02-13T02:09:12
20,120,2023-02-17T05:36:41.639021
20,45,2023-02-21T01:34:15
20,46,2023-03-01T03:58:49
20,46,2023-03-02T02:34:39
20,46,2023-03-03T03:11:35
20,123,2023-03-03T06:02:02.190944
20,45,2023-03-12T01:41:02
20,123,2023-03-17T09:05:45.728297
20,44,2023-03-25T03:24:34
20,46,2023-04-04T02:26:59
20,46,2023-04-05T13:34:41
20,127,2023-04-07T08:37:06.895880
20,127,2023-04-17T15:54:43.498188
20,47,2023-04-20T06:39:34
20,47,2023-04-21T14:41:50
20,47,2023-04-22T23:59:20
20,47,2023-04-23T02:29:44
20,47,2023-04-25T08:10:28
20,47,2023-04-26T13:51:13
20,47,2023-04-27T07:01:37
20,47,2023-04-29T01:44:29
20,47,2023-04-30T02:18:55
20,124,2023-05-02T06:36:38.841976
20,49,2023-05-03T02:41:51
20,49,2023-05-05T21:56:58
20,49,2023-05-06T02:18:29
20,49,2023-05-07T22:02:45
20,49,2023-05-08T05:46:46
20,46,2023-05-11T20:15:53
20,46,2023-05-16T03:31:27
20,45,2023-05-20T23:51:27
20,45,2023-05-21T14:42:21
20,45,2023-05-22T23:17:55
20,134,2023-05-23T09:34:41.909982
20,45,2023-05-23T10:53:24
20,44,2023-06-05T03:56:56
20,44,2023-06-06T02:17:59
20,138,2023-06-06T05:57:47.154668
20,44,2023-06-07T02:08:34
20,44,2023-06-08T01:59:00
20,45,2023-06-22T02:18:19
20,44,2023-07-02T05:11:25
20,44,2023-07-03T02:41:31
20,138,2023-07-07T06:31:23.889330
20,44,2023-07-14T05:11:33
20,44,2023-07-15T03:19:36
20,140,2023-07-21T08:49:06.496641
20,44,2023-07-25T01:56:30
20,44,2023-07-26T01:27:39
20,140,2023-08-04T19:18:30.728210
20,42,2023-08-07T07:03:34
20,42,2023-08-08T05:31:02
20,140,2023-08-18T14:50:26.025094
20,42,2023-08-20T03:24:36
20,42,2023-08-21T04:12:18
20,41,2023-09-08T04:24:23
20,41,2023-09-09T01:24:56
20,139,2023-09-21T17:23:12.737580
20,41,2023-09-22T05:10:00
20,135,2023-10-06T04:34:05.466011
20,40,2023-10-14T02:52:12
20,135,2023-10-20T08:50:20.326594
20,40,2023-10-25T03:47:10
20,40,2023-11-03T05:49:56
20,39,2023-11-17T06:05:09
20,39,2023-11-18T04:11:48
20,39,2023-11-19T02:50:08
20,39,2023-11-28T05:00:27
20,39,2023-12-08T05:27:09
20,38,2023-12-17T03:01:35
20,38,2023-12-27T01:56:22
20,38,2024-01-03T23:43:17
20,38,2024-01-04T02:32:28
20,38,2024-01-16T05:25:43
20,37,2024-01-30T21:19:52
20,37,2024-02-09T10:54:39
20,37,2024-02-10T03:49:31
20,37,2024-02-18T03:17:29
20,138,2024-02-29T01:26:32
21,11,2022-03-11T17:45:01
21,25,2022-03-11T17:45:01.578629
21,11,2022-03-25T07:58:05
21,26,2022-03-25T07:58:05.853384
21,11,2022-04-26T18:52:38
21,25,2022-04-26T18:52:38.787774
21,11,2022-04-27T09:31:51
21,25,2022-04-27T09:31:51.371908
21,13,2022-05-06T12:42:47
21,25,2022-05-06T12:42:47.216484
21,13,2022-05-21T06:40:55
21,25,2022-05-21T06:40:55.333516
21,13,2022-06-15T07:33:31
21,27,2022-06-15T07:33:31.359121
21,13,2022-06-29T06:29:56
21,29,2022-06-29T06:29:56.486796
21,14,2022-07-13T08:38:33
21,30,2022-07-13T08:38:33.099071
21,12,2022-08-26T06:52:48
21,30,2022-08-26T06:52:48.644517
21,12,2022-09-17T12:38:24
21,30,2022-09-17T12:38:24.936952
21,12,2022-10-01T10:13:45
21,30,2022-10-01T10:13:45.311471
21,12,2022-10-14T07:06:10
21,31,2022-10-14T07:06:10.868855
21,12,2022-10-24T21:30:58
21,31,2022-10-24T21:30:58.616767
21,12,2022-11-07T05:39:53
21,31,2022-11-07T05:39:53.418246
21,12,2022-11-21T06:20:56
21,32,2022-11-21T06:20:56.721452
21,12,2022-12-05T06:47:08
21,32,2022-12-05T06:47:08.803065
21,12,2022-12-07T16:16:44
21,32,2022-12-19T07:31:03.526250
21,12,2022-12-23T02:47:19
21,12,2023-01-04T09:25:05
21,32,2023-01-06T07:42:22.527334
21,12,2023-01-16T03:12:51
21,12,2023-01-17T03:12:36
21,33,2023-01-20T06:50:24.574975
21,12,2023-01-27T20:23:11
21,12,2023-01-28T14:43:54
21,12,2023-01-29T02:24:13
21,32,2023-02-03T08:57:01.066600
21,12,2023-02-05T02:11:30
21,12,2023-02-13T02:09:12
21,34,2023-02-17T05:36:41.639021
21,12,2023-02-21T01:34:15
21,12,2023-03-01T03:58:49
21,12,2023-03-02T02:34:39
21,12,2023-03-03T03:11:35
21,35,2023-03-03T06:02:02.190944
21,12,2023-03-12T01:41:02
21,35,2023-03-17T09:05:45.728297
21,12,2023-03-25T03:24:34
21,12,2023-04-04T02:26:59
21,12,2023-04-05T13:34:41
21,36,2023-04-07T08:37:06.895880
21,36,2023-04-17T15:54:43.498188
21,12,2023-04-20T06:39:34
21,12,2023-04-21T14:41:50
21,12,2023-04-22T23:59:20
21,12,2023-04-23T02:29:44
21,12,2023-04-25T08:10:28
21,12,2023-04-26T13:51:13
21,12,2023-04-27T07:01:37
21,12,2023-04-29T01:44:29
21,12,2023-04-30T02:18:55
21,35,2023-05-02T06:36:38.841976
21,13,2023-05-03T02:41:51
21,13,2023-05-05T21:56:58
21,13,2023-05-06T02:18:29
21,13,2023-05-07T22:02:45
21,13,2023-05-08T05:46:46
21,12,2023-05-11T20:15:53
21,12,2023-05-16T03:31:27
21,12,2023-05-20T23:51:27
21,12,2023-05-21T14:42:21
21,12,2023-05-22T23:17:55
21,37,2023-05-23T09:34:41.909982
21,12,2023-05-23T10:53:24
21,12,2023-06-05T03:56:56
21,12,2023-06-06T02:17:59
21,38,2023-06-06T05:57:47.154668
21,12,2023-06-07T02:08:34
21,12,2023-06-08T01:59:00
21,12,2023-06-22T02:18:19
21,12,2023-07-02T05:11:25
21,12,2023-07-03T02:41:31
21,38,2023-07-07T06:31:23.889330
21,11,2023-07-14T05:11:33
21,11,2023-07-15T03:19:36
21,40,2023-07-21T08:49:06.496641
21,11,2023-07-25T01:56:30
21,11,2023-07-26T01:27:39
21,38,2023-08-04T19:18:30.728210
21,11,2023-08-07T07:03:34
21,11,2023-08-08T05:31:02
21,41,2023-08-18T14:50:26.025094
21,11,2023-08-20T03:24:36
21,11,2023-08-21T04:12:18
21,11,2023-09-08T04:24:23
21,11,2023-09-09T01:24:56
21,43,2023-09-21T17:23:12.737580
21,11,2023-09-22T05:10:00
21,39,2023-10-06T04:34:05.466011
21,11,2023-10-14T02:52:12
21,39,2023-10-20T08:50:20.326594
21,11,2023-10-25T03:47:10
21,11,2023-11-03T05:49:56
21,11,2023-11-17T06:05:09
21,11,2023-11-18T04:11:48
21,11,2023-11-19T02:50:08
21,11,2023-11-28T05:00:27
21,11,2023-12-08T05:27:09
21,11,2023-12-17T03:01:35
21,11,2023-12-27T01:56:22
21,11,2024-01-03T23:43:17
21,11,2024-01-04T02:32:28
21,11,2024-01-16T05:25:43
21,11,2024-01-30T21:19:52
21,11,2024-02-09T10:54:39
21,11,2024-02-10T03:49:31
21,10,2024-02-18T03:17:29
21,39,2024-02-29T01:26:32
22,13,2022-03-11T17:45:01
22,28,2022-03-11T17:45:01.578629
22,12,2022-03-25T07:58:05
22,29,2022-03-25T07:58:05.853384
22,13,2022-04-26T18:52:38
22,28,2022-04-26T18:52:38.787774
22,13,2022-04-27T09:31:51
22,28,2022-04-27T09:31:51.371908
22,16,2022-05-06T12:42:47
22,30,2022-05-06T12:42:47.216484
22,16,2022-05-21T06:40:55
22,30,2022-05-21T06:40:55.333516
22,17,2022-06-15T07:33:31
22,33,2022-06-15T07:33:31.359121
22,16,2022-06-29T06:29:56
22,35,2022-06-29T06:29:56.486796
22,16,2022-07-13T08:38:33
22,33,2022-07-13T08:38:33.099071
22,16,2022-08-26T06:52:48
22,37,2022-08-26T06:52:48.644517
22,16,2022-09-17T12:38:24
22,37,2022-09-17T12:38:24.936952
22,18,2022-10-01T10:13:45
22,41,2022-10-01T10:13:45.311471
22,18,2022-10-14T07:06:10
22,42,2022-10-14T07:06:10.868855
22,18,2022-10-24T21:30:58
22,42,2022-10-24T21:30:58.616767
22,18,2022-11-07T05:39:53
22,42,2022-11-07T05:39:53.418246
22,17,2022-11-21T06:20:56
22,43,2022-11-21T06:20:56.721452
22,18,2022-12-05T06:47:08
22,45,2022-12-05T06:47:08.803065
22,18,2022-12-07T16:16:44
22,45,2022-12-19T07:31:03.526250
22,18,2022-12-23T02:47:19
22,18,2023-01-04T09:25:05
22,47,2023-01-06T07:42:22.527334
22,18,2023-01-16T03:12:51
22,18,2023-01-17T03:12:36
22,47,2023-01-20T06:50:24.574975
22,18,2023-01-27T20:23:11
22,18,2023-01-28T14:43:54
22,18,2023-01-29T02:24:13
22,47,2023-02-03T08:57:01.066600
22,18,2023-02-05T02:11:30
22,18,2023-02-13T02:09:12
22,48,2023-02-17T05:36:41.639021
22,18,2023-02-21T01:34:15
22,19,2023-03-01T03:58:49
22,19,2023-03-02T02:34:39
22,19,2023-03-03T03:11:35
22,48,2023-03-03T06:02:02.190944
22,19,2023-03-12T01:41:02
22,48,2023-03-17T09:05:45.728297
22,19,2023-03-25T03:24:34
22,19,2023-04-04T02:26:59
22,19,2023-04-05T13:34:41
22,49,2023-04-07T08:37:06.895880
22,49,2023-04-17T15:54:43.498188
22,19,2023-04-20T06:39:34
22,19,2023-04-21T14:41:50
22,19,2023-04-22T23:59:20
22,19,2023-04-23T02:29:44
22,19,2023-04-25T08:10:28
22,19,2023-04-26T13:51:13
22,20,2023-04-27T07:01:37
22,20,2023-04-29T01:44:29
22,20,2023-04-30T02:18:55
22,48,2023-05-02T06:36:38.841976
22,20,2023-05-03T02:41:51
22,20,2023-05-05T21:56:58
22,20,2023-05-06T02:18:29
22,20,2023-05-07T22:02:45
22,20,2023-05-08T05:46:46
22,19,2023-05-11T20:15:53
22,19,2023-05-16T03:31:27
22,18,2023-05-20T23:51:27
22,18,2023-05-21T14:42:21
22,18,2023-05-22T23:17:55
22,51,2023-05-23T09:34:41.909982
22,18,2023-05-23T10:53:24
22,19,2023-06-05T03:56:56
22,19,2023-06-06T02:17:59
22,53,2023-06-06T05:57:47.154668
22,19,2023-06-07T02:08:34
22,19,2023-06-08T01:59:00
22,19,2023-06-22T02:18:19
22,19,2023-07-02T05:11:25
22,19,2023-07-03T02:41:31
22,53,2023-07-07T06:31:23.889330
22,19,2023-07-14T05:11:33
22,19,2023-07-15T03:19:36
22,54,2023-07-21T08:49:06.496641
22,19,2023-07-25T01:56:30
22,19,2023-07-26T01:27:39
22,54,2023-08-04T19:18:30.728210
22,18,2023-08-07T07:03:34
22,18,2023-08-08T05:31:02
22,55,2023-08-18T14:50:26.025094
22,18,2023-08-20T03:24:36
22,18,2023-08-21T04:12:18
22,18,2023-09-08T04:24:23
22,18,2023-09-09T01:24:56
22,55,2023-09-21T17:23:12.737580
22,18,2023-09-22T05:10:00
22,57,2023-10-06T04:34:05.466011
22,18,2023-10-14T02:52:12
22,54,2023-10-20T08:50:20.326594
22,18,2023-10-25T03:47:10
22,18,2023-11-03T05:49:56
22,18,2023-11-17T06:05:09
22,18,2023-11-18T04:11:48
22,18,2023-11-19T02:50:08
22,18,2023-11-28T05:00:27
22,18,2023-12-08T05:27:09
22,18,2023-12-17T03:01:35
22,17,2023-12-27T01:56:22
22,17,2024-01-03T23:43:17
22,17,2024-01-04T02:32:28
22,17,2024-01-16T05:25:43
22,17,2024-01-30T21:19:52
22,17,2024-02-09T10:54:39
22,17,2024-02-10T03:49:31
22,17,2024-02-18T03:17:29
22,63,2024-02-29T01:26:32
23,4,2022-03-11T17:45:01
23,7,2022-03-11T17:45:01.578629
23,3,2022-03-25T07:58:05
23,8,2022-03-25T07:58:05.853384
23,3,2022-04-26T18:52:38
23,7,2022-04-26T18:52:38.787774
23,3,2022-04-27T09:31:51
23,7,2022-04-27T09:31:51.371908
23,4,2022-05-06T12:42:47
23,7,2022-05-06T12:42:47.216484
23,4,2022-05-21T06:40:55
23,7,2022-05-21T06:40:55.333516
23,4,2022-06-15T07:33:31
23,9,2022-06-15T07:33:31.359121
23,4,2022-06-29T06:29:56
23,9,2022-06-29T06:29:56.486796
23,4,2022-07-13T08:38:33
23,9,2022-07-13T08:38:33.099071
23,4,2022-08-26T06:52:48
23,11,2022-08-26T06:52:48.644517
23,5,2022-09-17T12:38:24
23,14,2022-09-17T12:38:24.936952
23,6,2022-10-01T10:13:45
23,14,2022-10-01T10:13:45.311471
23,5,2022-10-14T07:06:10
23,14,2022-10-14T07:06:10.868855
23,5,2022-10-24T21:30:58
23,14,2022-10-24T21:30:58.616767
23,5,2022-11-07T05:39:53
23,14,2022-11-07T05:39:53.418246
23,5,2022-11-21T06:20:56
23,14,2022-11-21T06:20:56.721452
23,5,2022-12-05T06:47:08
23,14,2022-12-05T06:47:08.803065
23,5,2022-12-07T16:16:44
23,15,2022-12-19T07:31:03.526250
23,5,2022-12-23T02:47:19
23,5,2023-01-04T09:25:05
23,15,2023-01-06T07:42:22.527334
23,5,2023-01-16T03:12:51
23,5,2023-01-17T03:12:36
23,15,2023-01-20T06:50:24.574975
23,5,2023-01-27T20:23:11
23,5,2023-01-28T14:43:54
23,5,2023-01-29T02:24:13
23,15,2023-02-03T08:57:01.066600
23,5,2023-02-05T02:11:30
23,5,2023-02-13T02:09:12
23,15,2023-02-17T05:36:41.639021
23,5,2023-02-21T01:34:15
23,5,2023-03-01T03:58:49
23,5,2023-03-02T02:34:39
23,5,2023-03-03T03:11:35
23,15,2023-03-03T06:02:02.190944
23,5,2023-03-12T01:41:02
23,15,2023-03-17T09:05:45.728297
23,5,2023-03-25T03:24:34
23,5,2023-04-04T02:26:59
23,5,2023-04-05T13:34:41
23,15,2023-04-07T08:37:06.895880
23,15,2023-04-17T15:54:43.498188
23,5,2023-04-20T06:39:34
23,5,2023-04-21T14:41:50
23,5,2023-04-22T23:59:20
23,5,2023-04-23T02:29:44
23,5,2023-04-25T08:10:28
23,5,2023-04-26T13:51:13
23,5,2023-04-27T07:01:37
23,5,2023-04-29T01:44:29
23,5,2023-04-30T02:18:55
23,15,2023-05-02T06:36:38.841976
23,5,2023-05-03T02:41:51
23,5,2023-05-05T21:56:58
23,5,2023-05-06T02:18:29
23,5,2023-05-07T22:02:45
23,5,2023-05-08T05:46:46
23,5,2023-05-11T20:15:53
23,5,2023-05-16T03:31:27
23,5,2023-05-20T23:51:27
23,5,2023-05-21T14:42:21
23,5,2023-05-22T23:17:55
23,16,2023-05-23T09:34:41.909982
23,5,2023-05-23T10:53:24
23,5,2023-06-05T03:56:56
23,5,2023-06-06T02:17:59
23,16,2023-06-06T05:57:47.154668
23,5,2023-06-07T02:08:34
23,5,2023-06-08T01:59:00
23,5,2023-06-22T02:18:19
23,5,2023-07-02T05:11:25
23,5,2023-07-03T02:41:31
23,16,2023-07-07T06:31:23.889330
23,5,2023-07-14T05:11:33
23,5,2023-07-15T03:19:36
23,18,2023-07-21T08:49:06.496641
23,5,2023-07-25T01:56:30
23,5,2023-07-26T01:27:39
23,18,2023-08-04T19:18:30.728210
23,5,2023-08-07T07:03:34
23,5,2023-08-08T05:31:02
23,18,2023-08-18T14:50:26.025094
23,5,2023-08-20T03:24:36
23,5,2023-08-21T04:12:18
23,5,2023-09-08T04:24:23
23,5,2023-09-09T01:24:56
23,16,2023-09-21T17:23:12.737580
23,5,2023-09-22T05:10:00
23,17,2023-10-06T04:34:05.466011
23,5,2023-10-14T02:52:12
23,17,2023-10-20T08:50:20.326594
23,5,2023-10-25T03:47:10
23,5,2023-11-03T05:49:56
23,5,2023-11-17T06:05:09
23,5,2023-11-18T04:11:48
23,5,2023-11-19T02:50:08
23,5,2023-11-28T05:00:27
23,5,2023-12-08T05:27:09
23,5,2023-12-17T03:01:35
23,5,2023-12-27T01:56:22
23,5,2024-01-03T23:43:17
23,5,2024-01-04T02:32:28
23,5,2024-01-16T05:25:43
23,5,2024-01-30T21:19:52
23,5,2024-02-09T10:54:39
23,5,2024-02-10T03:49:31
23,5,2024-02-18T03:17:29
23,18,2024-02-29T01:26:32
